filename,source_location,document_type,size_kb,page_count
resume_1.pdf,C:\Users\krish\Documents\signalhire\backend\resume_1.pdf,pdf,1.54,2
resume_2.pdf,C:\Users\krish\Documents\signalhire\backend\resume_2.pdf,pdf,1.54,2
resume_3.pdf,C:\Users\krish\Documents\signalhire\backend\resume_3.pdf,pdf,1.55,2
resume_4.pdf,C:\Users\krish\Documents\signalhire\backend\resume_4.pdf,pdf,1.54,2
resume_5.pdf,C:\Users\krish\Documents\signalhire\backend\resume_5.pdf,pdf,1.55,2
resume_6.pdf,C:\Users\krish\Documents\signalhire\backend\resume_6.pdf,pdf,1.54,2
resume_7.pdf,C:\Users\krish\Documents\signalhire\backend\resume_7.pdf,pdf,1.54,2
resume_8.pdf,C:\Users\krish\Documents\signalhire\backend\resume_8.pdf,pdf,1.55,2
resume_9.pdf,C:\Users\krish\Documents\signalhire\backend\resume_9.pdf,pdf,1.54,2
resume_10.pdf,C:\Users\krish\Documents\signalhire\backend\resume_10.pdf,pdf,1.55,2
resume_11.pdf,C:\Users\krish\Documents\signalhire\backend\resume_11.pdf,pdf,1.54,2
resume_12.pdf,C:\Users\krish\Documents\signalhire\backend\resume_12.pdf,pdf,1.28,1
resume_13.pdf,C:\Users\krish\Documents\signalhire\backend\resume_13.pdf,pdf,1.28,1
resume_14.pdf,C:\Users\krish\Documents\signalhire\backend\resume_14.pdf,pdf,1.53,2
resume_15.pdf,C:\Users\krish\Documents\signalhire\backend\resume_15.pdf,pdf,1.29,1
resume_16.pdf,C:\Users\krish\Documents\signalhire\backend\resume_16.pdf,pdf,1.53,2
resume_17.pdf,C:\Users\krish\Documents\signalhire\backend\resume_17.pdf,pdf,1.55,2
resume_18.pdf,C:\Users\krish\Documents\signalhire\backend\resume_18.pdf,pdf,1.54,2
resume_19.pdf,C:\Users\krish\Documents\signalhire\backend\resume_19.pdf,pdf,1.56,2
resume_20.pdf,C:\Users\krish\Documents\signalhire\backend\resume_20.pdf,pdf,1.54,2
resume_21.pdf,C:\Users\krish\Documents\signalhire\backend\resume_21.pdf,pdf,1.54,2
resume_22.pdf,C:\Users\krish\Documents\signalhire\backend\resume_22.pdf,pdf,1.54,2
resume_23.pdf,C:\Users\krish\Documents\signalhire\backend\resume_23.pdf,pdf,1.28,1
resume_24.pdf,C:\Users\krish\Documents\signalhire\backend\resume_24.pdf,pdf,1.53,2
resume_25.pdf,C:\Users\krish\Documents\signalhire\backend\resume_25.pdf,pdf,1.55,2
resume_26.pdf,C:\Users\krish\Documents\signalhire\backend\resume_26.pdf,pdf,1.29,1
resume_27.pdf,C:\Users\krish\Documents\signalhire\backend\resume_27.pdf,pdf,1.53,2
resume_28.pdf,C:\Users\krish\Documents\signalhire\backend\resume_28.pdf,pdf,1.55,2
resume_29.pdf,C:\Users\krish\Documents\signalhire\backend\resume_29.pdf,pdf,1.28,1
resume_30.pdf,C:\Users\krish\Documents\signalhire\backend\resume_30.pdf,pdf,1.55,2
resume_31.pdf,C:\Users\krish\Documents\signalhire\backend\resume_31.pdf,pdf,1.56,2
resume_32.pdf,C:\Users\krish\Documents\signalhire\backend\resume_32.pdf,pdf,1.53,2
resume_33.pdf,C:\Users\krish\Documents\signalhire\backend\resume_33.pdf,pdf,1.54,2
resume_34.pdf,C:\Users\krish\Documents\signalhire\backend\resume_34.pdf,pdf,1.54,2
resume_35.pdf,C:\Users\krish\Documents\signalhire\backend\resume_35.pdf,pdf,1.55,2
resume_36.pdf,C:\Users\krish\Documents\signalhire\backend\resume_36.pdf,pdf,1.54,2
resume_37.pdf,C:\Users\krish\Documents\signalhire\backend\resume_37.pdf,pdf,1.53,2
resume_38.pdf,C:\Users\krish\Documents\signalhire\backend\resume_38.pdf,pdf,1.53,2
resume_39.pdf,C:\Users\krish\Documents\signalhire\backend\resume_39.pdf,pdf,1.29,1
resume_40.pdf,C:\Users\krish\Documents\signalhire\backend\resume_40.pdf,pdf,1.56,2
resume_41.pdf,C:\Users\krish\Documents\signalhire\backend\resume_41.pdf,pdf,1.30,1
resume_42.pdf,C:\Users\krish\Documents\signalhire\backend\resume_42.pdf,pdf,1.56,2
resume_43.pdf,C:\Users\krish\Documents\signalhire\backend\resume_43.pdf,pdf,1.55,2
resume_44.pdf,C:\Users\krish\Documents\signalhire\backend\resume_44.pdf,pdf,1.53,2
resume_45.pdf,C:\Users\krish\Documents\signalhire\backend\resume_45.pdf,pdf,1.57,2
resume_46.pdf,C:\Users\krish\Documents\signalhire\backend\resume_46.pdf,pdf,1.28,1
resume_47.pdf,C:\Users\krish\Documents\signalhire\backend\resume_47.pdf,pdf,1.29,1
resume_48.pdf,C:\Users\krish\Documents\signalhire\backend\resume_48.pdf,pdf,1.55,2
resume_49.pdf,C:\Users\krish\Documents\signalhire\backend\resume_49.pdf,pdf,1.54,2
resume_50.pdf,C:\Users\krish\Documents\signalhire\backend\resume_50.pdf,pdf,1.29,1
