absolute_path,provenance
C:\Users\krish\Documents\signalhire\lgbm_ranker.txt,unknown
C:\Users\krish\Documents\signalhire\lgbm_ranker_A.txt,unknown
C:\Users\krish\Documents\signalhire\lgbm_ranker_B.txt,unknown
C:\Users\krish\Documents\signalhire\lgbm_ranker_C.txt,unknown
C:\Users\krish\Documents\signalhire\backend\audit_results.txt,unknown
C:\Users\krish\Documents\signalhire\backend\real_validation_output.txt,unknown
C:\Users\krish\Documents\signalhire\backend\resume_1.pdf,likely human-created
C:\Users\krish\Documents\signalhire\backend\resume_10.pdf,likely human-created
C:\Users\krish\Documents\signalhire\backend\resume_11.pdf,likely human-created
C:\Users\krish\Documents\signalhire\backend\resume_12.pdf,likely human-created
C:\Users\krish\Documents\signalhire\backend\resume_13.pdf,likely human-created
C:\Users\krish\Documents\signalhire\backend\resume_14.pdf,likely human-created
C:\Users\krish\Documents\signalhire\backend\resume_15.pdf,likely human-created
C:\Users\krish\Documents\signalhire\backend\resume_16.pdf,likely human-created
C:\Users\krish\Documents\signalhire\backend\resume_17.pdf,likely human-created
C:\Users\krish\Documents\signalhire\backend\resume_18.pdf,likely human-created
C:\Users\krish\Documents\signalhire\backend\resume_19.pdf,likely human-created
C:\Users\krish\Documents\signalhire\backend\resume_2.pdf,likely human-created
C:\Users\krish\Documents\signalhire\backend\resume_20.pdf,likely human-created
C:\Users\krish\Documents\signalhire\backend\resume_21.pdf,likely human-created
C:\Users\krish\Documents\signalhire\backend\resume_22.pdf,likely human-created
C:\Users\krish\Documents\signalhire\backend\resume_23.pdf,likely human-created
C:\Users\krish\Documents\signalhire\backend\resume_24.pdf,likely human-created
C:\Users\krish\Documents\signalhire\backend\resume_25.pdf,likely human-created
C:\Users\krish\Documents\signalhire\backend\resume_26.pdf,likely human-created
C:\Users\krish\Documents\signalhire\backend\resume_27.pdf,likely human-created
C:\Users\krish\Documents\signalhire\backend\resume_28.pdf,likely human-created
C:\Users\krish\Documents\signalhire\backend\resume_29.pdf,likely human-created
C:\Users\krish\Documents\signalhire\backend\resume_3.pdf,likely human-created
C:\Users\krish\Documents\signalhire\backend\resume_30.pdf,likely human-created
C:\Users\krish\Documents\signalhire\backend\resume_31.pdf,likely human-created
C:\Users\krish\Documents\signalhire\backend\resume_32.pdf,likely human-created
C:\Users\krish\Documents\signalhire\backend\resume_33.pdf,likely human-created
C:\Users\krish\Documents\signalhire\backend\resume_34.pdf,likely human-created
C:\Users\krish\Documents\signalhire\backend\resume_35.pdf,likely human-created
C:\Users\krish\Documents\signalhire\backend\resume_36.pdf,likely human-created
C:\Users\krish\Documents\signalhire\backend\resume_37.pdf,likely human-created
C:\Users\krish\Documents\signalhire\backend\resume_38.pdf,likely human-created
C:\Users\krish\Documents\signalhire\backend\resume_39.pdf,likely human-created
C:\Users\krish\Documents\signalhire\backend\resume_4.pdf,likely human-created
C:\Users\krish\Documents\signalhire\backend\resume_40.pdf,likely human-created
C:\Users\krish\Documents\signalhire\backend\resume_41.pdf,likely human-created
C:\Users\krish\Documents\signalhire\backend\resume_42.pdf,likely human-created
C:\Users\krish\Documents\signalhire\backend\resume_43.pdf,likely human-created
C:\Users\krish\Documents\signalhire\backend\resume_44.pdf,likely human-created
C:\Users\krish\Documents\signalhire\backend\resume_45.pdf,likely human-created
C:\Users\krish\Documents\signalhire\backend\resume_46.pdf,likely human-created
C:\Users\krish\Documents\signalhire\backend\resume_47.pdf,likely human-created
C:\Users\krish\Documents\signalhire\backend\resume_48.pdf,likely human-created
C:\Users\krish\Documents\signalhire\backend\resume_49.pdf,likely human-created
C:\Users\krish\Documents\signalhire\backend\resume_5.pdf,likely human-created
C:\Users\krish\Documents\signalhire\backend\resume_50.pdf,likely human-created
C:\Users\krish\Documents\signalhire\backend\resume_6.pdf,likely human-created
C:\Users\krish\Documents\signalhire\backend\resume_7.pdf,likely human-created
C:\Users\krish\Documents\signalhire\backend\resume_8.pdf,likely human-created
C:\Users\krish\Documents\signalhire\backend\resume_9.pdf,likely human-created
C:\Users\krish\Documents\signalhire\backend\test_resume.pdf,likely human-created
C:\Users\krish\Documents\signalhire\backend\test_resume.txt,unknown
C:\Users\krish\Documents\signalhire\backend\real_resumes\real_resume_1.pdf,likely human-created
C:\Users\krish\Documents\signalhire\backend\real_resumes\real_resume_10.pdf,likely human-created
C:\Users\krish\Documents\signalhire\backend\real_resumes\real_resume_2.pdf,likely human-created
C:\Users\krish\Documents\signalhire\backend\real_resumes\real_resume_3.pdf,likely human-created
C:\Users\krish\Documents\signalhire\backend\real_resumes\real_resume_4.pdf,likely human-created
C:\Users\krish\Documents\signalhire\backend\real_resumes\real_resume_5.pdf,likely human-created
C:\Users\krish\Documents\signalhire\backend\real_resumes\real_resume_6.pdf,likely human-created
C:\Users\krish\Documents\signalhire\backend\real_resumes\real_resume_7.pdf,likely human-created
C:\Users\krish\Documents\signalhire\backend\real_resumes\real_resume_8.pdf,likely human-created
C:\Users\krish\Documents\signalhire\backend\real_resumes\real_resume_9.pdf,likely human-created
C:\Users\krish\Documents\signalhire\backend\uploads\00ccf7d9-6b6b-4a6c-8eea-a0d5c798feae.pdf,uploaded by user
C:\Users\krish\Documents\signalhire\backend\uploads\02b6b9ce-1d6c-4cbe-8d49-2882947ec1c0.pdf,uploaded by user
C:\Users\krish\Documents\signalhire\backend\uploads\0d9fe095-61d6-4ac0-abfb-d43cd3dc2a71.pdf,uploaded by user
C:\Users\krish\Documents\signalhire\backend\uploads\1a10d710-9d77-4e42-976e-e855a01a4334.pdf,uploaded by user
C:\Users\krish\Documents\signalhire\backend\uploads\30ffed00-99e4-4867-8dde-2a8497c1023d.pdf,uploaded by user
C:\Users\krish\Documents\signalhire\backend\uploads\434ded4d-56c5-45cc-a9ce-eec8f8dd20d3.pdf,uploaded by user
C:\Users\krish\Documents\signalhire\backend\uploads\522cc1b7-58af-4269-8562-3e2aa2ba608c.pdf,uploaded by user
C:\Users\krish\Documents\signalhire\backend\uploads\52a854e3-958c-4599-a3c4-afcfdc317844.pdf,uploaded by user
C:\Users\krish\Documents\signalhire\backend\uploads\573f48ac-4e37-450c-99e2-0bfcb8465264.pdf,uploaded by user
C:\Users\krish\Documents\signalhire\backend\uploads\672bb768-120e-4779-846d-43f0b4ca9177.pdf,uploaded by user
C:\Users\krish\Documents\signalhire\backend\uploads\6e1206ef-0a4c-4af9-a834-98b7ee5f79da.pdf,uploaded by user
C:\Users\krish\Documents\signalhire\backend\uploads\7096f125-5795-43f8-85ba-e954394ae453.pdf,uploaded by user
C:\Users\krish\Documents\signalhire\backend\uploads\a059c454-ecce-45cd-b6db-886e6f67ab05.pdf,uploaded by user
C:\Users\krish\Documents\signalhire\backend\uploads\a71de4a5-640d-49cc-95cd-9cf9a7c36330.pdf,uploaded by user
C:\Users\krish\Documents\signalhire\backend\uploads\af3a17ba-ee0c-4183-ab06-67a015131942.pdf,uploaded by user
C:\Users\krish\Documents\signalhire\backend\uploads\b1fb0b93-a24e-42fc-bc53-c4fcde79049d.pdf,uploaded by user
C:\Users\krish\Documents\signalhire\backend\uploads\b36374b6-db02-403c-90a3-7d85e18f3587.pdf,uploaded by user
C:\Users\krish\Documents\signalhire\backend\uploads\b704ad13-4651-46e2-944a-bd4338f64453.pdf,uploaded by user
C:\Users\krish\Documents\signalhire\backend\uploads\b8a4b32d-677f-429d-8883-a94c42ae4c63.pdf,uploaded by user
C:\Users\krish\Documents\signalhire\backend\uploads\c6cd5273-641a-419a-82d3-227bf58f4eac.pdf,uploaded by user
C:\Users\krish\Documents\signalhire\backend\uploads\cfe3af37-bbd8-489a-a9a9-c0ab1c1c82fa.pdf,uploaded by user
C:\Users\krish\Documents\signalhire\backend\uploads\d0ebeb9c-addb-4ad0-a205-afd8515d07c4.pdf,uploaded by user
C:\Users\krish\Documents\signalhire\backend\uploads\d699a9c8-8a28-41f9-8cfb-6dd6522f48c1.pdf,uploaded by user
C:\Users\krish\Documents\signalhire\backend\uploads\d6bcbc95-d7a6-4f1c-9d59-7cf650a87d26.pdf,uploaded by user
C:\Users\krish\Documents\signalhire\backend\uploads\dfb5ecf1-9da2-4644-b4ea-76a809b9f14b.pdf,uploaded by user
C:\Users\krish\Documents\signalhire\backend\uploads\e458f306-fdb0-475b-b231-92c60c8b4e73.pdf,uploaded by user
C:\Users\krish\Documents\signalhire\backend\uploads\e99145de-d79d-4f65-a747-f417aef5b54f.pdf,uploaded by user
C:\Users\krish\Documents\signalhire\backend\uploads\e9a99a43-18c1-4631-b248-691784fa901d.pdf,uploaded by user
C:\Users\krish\Documents\signalhire\backend\uploads\ea84ac88-376c-4c83-b2a2-5c14feceb4a6.pdf,uploaded by user
C:\Users\krish\Documents\signalhire\backend\uploads\f3e2257d-66a0-4b51-ac11-d8197069af61.pdf,uploaded by user
C:\Users\krish\Documents\signalhire\backend\uploads\ff31bbdb-243e-40b2-96de-c0122d636f69.pdf,uploaded by user
C:\Users\krish\Documents\signalhire\backend\venv\Lib\site-packages\adodbapi\license.txt,unknown
C:\Users\krish\Documents\signalhire\backend\venv\Lib\site-packages\adodbapi\readme.txt,unknown
C:\Users\krish\Documents\signalhire\backend\venv\Lib\site-packages\botocore-1.43.16.dist-info\LICENSE.txt,unknown
C:\Users\krish\Documents\signalhire\backend\venv\Lib\site-packages\click-8.4.1.dist-info\licenses\LICENSE.txt,unknown
C:\Users\krish\Documents\signalhire\backend\venv\Lib\site-packages\colorama-0.4.6.dist-info\licenses\LICENSE.txt,unknown
C:\Users\krish\Documents\signalhire\backend\venv\Lib\site-packages\h11-0.16.0.dist-info\licenses\LICENSE.txt,unknown
C:\Users\krish\Documents\signalhire\backend\venv\Lib\site-packages\httplib2\cacerts.txt,unknown
C:\Users\krish\Documents\signalhire\backend\venv\Lib\site-packages\jinja2-3.1.6.dist-info\licenses\LICENSE.txt,unknown
C:\Users\krish\Documents\signalhire\backend\venv\Lib\site-packages\joblib-1.5.3.dist-info\licenses\LICENSE.txt,unknown
C:\Users\krish\Documents\signalhire\backend\venv\Lib\site-packages\mako-1.3.12.dist-info\entry_points.txt,unknown
C:\Users\krish\Documents\signalhire\backend\venv\Lib\site-packages\markupsafe-3.0.3.dist-info\licenses\LICENSE.txt,unknown
C:\Users\krish\Documents\signalhire\backend\venv\Lib\site-packages\networkx\drawing\tests\baseline\test_display_complex.png,unknown
C:\Users\krish\Documents\signalhire\backend\venv\Lib\site-packages\networkx\drawing\tests\baseline\test_display_empty_graph.png,unknown
C:\Users\krish\Documents\signalhire\backend\venv\Lib\site-packages\networkx\drawing\tests\baseline\test_display_house_with_colors.png,unknown
C:\Users\krish\Documents\signalhire\backend\venv\Lib\site-packages\networkx\drawing\tests\baseline\test_display_labels_and_colors.png,unknown
C:\Users\krish\Documents\signalhire\backend\venv\Lib\site-packages\networkx\drawing\tests\baseline\test_display_shortest_path.png,unknown
C:\Users\krish\Documents\signalhire\backend\venv\Lib\site-packages\networkx\drawing\tests\baseline\test_house_with_colors.png,unknown
C:\Users\krish\Documents\signalhire\backend\venv\Lib\site-packages\networkx-3.6.1.dist-info\licenses\LICENSE.txt,unknown
C:\Users\krish\Documents\signalhire\backend\venv\Lib\site-packages\numpy\ma\API_CHANGES.txt,unknown
C:\Users\krish\Documents\signalhire\backend\venv\Lib\site-packages\numpy\_core\include\numpy\random\LICENSE.txt,unknown
C:\Users\krish\Documents\signalhire\backend\venv\Lib\site-packages\numpy-2.4.6.dist-info\licenses\LICENSE.txt,unknown
C:\Users\krish\Documents\signalhire\backend\venv\Lib\site-packages\numpy-2.4.6.dist-info\licenses\numpy\linalg\lapack_lite\LICENSE.txt,unknown
C:\Users\krish\Documents\signalhire\backend\venv\Lib\site-packages\numpy-2.4.6.dist-info\licenses\numpy\_core\include\numpy\libdivide\LICENSE.txt,unknown
C:\Users\krish\Documents\signalhire\backend\venv\Lib\site-packages\numpy-2.4.6.dist-info\licenses\numpy\_core\src\multiarray\dragon4_LICENSE.txt,unknown
C:\Users\krish\Documents\signalhire\backend\venv\Lib\site-packages\pip\_vendor\cachecontrol\LICENSE.txt,unknown
C:\Users\krish\Documents\signalhire\backend\venv\Lib\site-packages\pip\_vendor\distlib\LICENSE.txt,unknown
C:\Users\krish\Documents\signalhire\backend\venv\Lib\site-packages\pip\_vendor\urllib3\LICENSE.txt,unknown
C:\Users\krish\Documents\signalhire\backend\venv\Lib\site-packages\pip-26.1.1.dist-info\licenses\AUTHORS.txt,unknown
C:\Users\krish\Documents\signalhire\backend\venv\Lib\site-packages\pip-26.1.1.dist-info\licenses\LICENSE.txt,unknown
C:\Users\krish\Documents\signalhire\backend\venv\Lib\site-packages\pip-26.1.1.dist-info\licenses\src\pip\_vendor\cachecontrol\LICENSE.txt,unknown
C:\Users\krish\Documents\signalhire\backend\venv\Lib\site-packages\pip-26.1.1.dist-info\licenses\src\pip\_vendor\distlib\LICENSE.txt,unknown
C:\Users\krish\Documents\signalhire\backend\venv\Lib\site-packages\pip-26.1.1.dist-info\licenses\src\pip\_vendor\urllib3\LICENSE.txt,unknown
C:\Users\krish\Documents\signalhire\backend\venv\Lib\site-packages\pkg_resources\api_tests.txt,unknown
C:\Users\krish\Documents\signalhire\backend\venv\Lib\site-packages\psycopg-3.3.4.dist-info\licenses\LICENSE.txt,unknown
C:\Users\krish\Documents\signalhire\backend\venv\Lib\site-packages\psycopg_binary-3.3.4.dist-info\licenses\LICENSE.txt,unknown
C:\Users\krish\Documents\signalhire\backend\venv\Lib\site-packages\psycopg_pool-3.3.1.dist-info\licenses\LICENSE.txt,unknown
C:\Users\krish\Documents\signalhire\backend\venv\Lib\site-packages\pyasn1_modules-0.4.2.dist-info\licenses\LICENSE.txt,unknown
C:\Users\krish\Documents\signalhire\backend\venv\Lib\site-packages\pythonwin\license.txt,unknown
C:\Users\krish\Documents\signalhire\backend\venv\Lib\site-packages\python_multipart-0.0.29.dist-info\licenses\LICENSE.txt,unknown
C:\Users\krish\Documents\signalhire\backend\venv\Lib\site-packages\pywin32-311.dist-info\top_level.txt,unknown
C:\Users\krish\Documents\signalhire\backend\venv\Lib\site-packages\regex-2026.5.9.dist-info\licenses\LICENSE.txt,unknown
C:\Users\krish\Documents\signalhire\backend\venv\Lib\site-packages\s3transfer-0.17.1.dist-info\LICENSE.txt,unknown
C:\Users\krish\Documents\signalhire\backend\venv\Lib\site-packages\scipy\ndimage\tests\dots.png,unknown
C:\Users\krish\Documents\signalhire\backend\venv\Lib\site-packages\scipy\ndimage\tests\data\label_results.txt,unknown
C:\Users\krish\Documents\signalhire\backend\venv\Lib\site-packages\scipy\spatial\qhull_src\COPYING_QHULL.txt,unknown
C:\Users\krish\Documents\signalhire\backend\venv\Lib\site-packages\scipy\spatial\tests\data\cdist-X1.txt,unknown
C:\Users\krish\Documents\signalhire\backend\venv\Lib\site-packages\scipy\spatial\tests\data\cdist-X2.txt,unknown
C:\Users\krish\Documents\signalhire\backend\venv\Lib\site-packages\scipy\spatial\tests\data\iris.txt,unknown
C:\Users\krish\Documents\signalhire\backend\venv\Lib\site-packages\scipy\spatial\tests\data\pdist-boolean-inp.txt,unknown
C:\Users\krish\Documents\signalhire\backend\venv\Lib\site-packages\scipy\spatial\tests\data\pdist-chebyshev-ml-iris.txt,unknown
C:\Users\krish\Documents\signalhire\backend\venv\Lib\site-packages\scipy\spatial\tests\data\pdist-chebyshev-ml.txt,unknown
C:\Users\krish\Documents\signalhire\backend\venv\Lib\site-packages\scipy\spatial\tests\data\pdist-cityblock-ml-iris.txt,unknown
C:\Users\krish\Documents\signalhire\backend\venv\Lib\site-packages\scipy\spatial\tests\data\pdist-cityblock-ml.txt,unknown
C:\Users\krish\Documents\signalhire\backend\venv\Lib\site-packages\scipy\spatial\tests\data\pdist-correlation-ml-iris.txt,unknown
C:\Users\krish\Documents\signalhire\backend\venv\Lib\site-packages\scipy\spatial\tests\data\pdist-correlation-ml.txt,unknown
C:\Users\krish\Documents\signalhire\backend\venv\Lib\site-packages\scipy\spatial\tests\data\pdist-cosine-ml-iris.txt,unknown
C:\Users\krish\Documents\signalhire\backend\venv\Lib\site-packages\scipy\spatial\tests\data\pdist-cosine-ml.txt,unknown
C:\Users\krish\Documents\signalhire\backend\venv\Lib\site-packages\scipy\spatial\tests\data\pdist-double-inp.txt,unknown
C:\Users\krish\Documents\signalhire\backend\venv\Lib\site-packages\scipy\spatial\tests\data\pdist-euclidean-ml-iris.txt,unknown
C:\Users\krish\Documents\signalhire\backend\venv\Lib\site-packages\scipy\spatial\tests\data\pdist-euclidean-ml.txt,unknown
C:\Users\krish\Documents\signalhire\backend\venv\Lib\site-packages\scipy\spatial\tests\data\pdist-hamming-ml.txt,unknown
C:\Users\krish\Documents\signalhire\backend\venv\Lib\site-packages\scipy\spatial\tests\data\pdist-jaccard-ml.txt,unknown
C:\Users\krish\Documents\signalhire\backend\venv\Lib\site-packages\scipy\spatial\tests\data\pdist-jensenshannon-ml-iris.txt,unknown
C:\Users\krish\Documents\signalhire\backend\venv\Lib\site-packages\scipy\spatial\tests\data\pdist-jensenshannon-ml.txt,unknown
C:\Users\krish\Documents\signalhire\backend\venv\Lib\site-packages\scipy\spatial\tests\data\pdist-minkowski-3.2-ml-iris.txt,unknown
C:\Users\krish\Documents\signalhire\backend\venv\Lib\site-packages\scipy\spatial\tests\data\pdist-minkowski-3.2-ml.txt,unknown
C:\Users\krish\Documents\signalhire\backend\venv\Lib\site-packages\scipy\spatial\tests\data\pdist-minkowski-5.8-ml-iris.txt,unknown
C:\Users\krish\Documents\signalhire\backend\venv\Lib\site-packages\scipy\spatial\tests\data\pdist-seuclidean-ml-iris.txt,unknown
C:\Users\krish\Documents\signalhire\backend\venv\Lib\site-packages\scipy\spatial\tests\data\pdist-seuclidean-ml.txt,unknown
C:\Users\krish\Documents\signalhire\backend\venv\Lib\site-packages\scipy\spatial\tests\data\pdist-spearman-ml.txt,unknown
C:\Users\krish\Documents\signalhire\backend\venv\Lib\site-packages\scipy\spatial\tests\data\random-bool-data.txt,unknown
C:\Users\krish\Documents\signalhire\backend\venv\Lib\site-packages\scipy\spatial\tests\data\random-double-data.txt,unknown
C:\Users\krish\Documents\signalhire\backend\venv\Lib\site-packages\scipy\spatial\tests\data\random-int-data.txt,unknown
C:\Users\krish\Documents\signalhire\backend\venv\Lib\site-packages\scipy\spatial\tests\data\random-uint-data.txt,unknown
C:\Users\krish\Documents\signalhire\backend\venv\Lib\site-packages\scipy\spatial\tests\data\selfdual-4d-polytope.txt,unknown
C:\Users\krish\Documents\signalhire\backend\venv\Lib\site-packages\scipy-1.17.1.dist-info\LICENSE.txt,unknown
C:\Users\krish\Documents\signalhire\backend\venv\Lib\site-packages\setuptools\tests\config\setupcfg_examples.txt,unknown
C:\Users\krish\Documents\signalhire\backend\venv\Lib\site-packages\setuptools\_vendor\jaraco\text\Lorem ipsum.txt,unknown
C:\Users\krish\Documents\signalhire\backend\venv\Lib\site-packages\setuptools\_vendor\wheel-0.46.3.dist-info\licenses\LICENSE.txt,unknown
C:\Users\krish\Documents\signalhire\backend\venv\Lib\site-packages\setuptools-81.0.0.dist-info\entry_points.txt,unknown
C:\Users\krish\Documents\signalhire\backend\venv\Lib\site-packages\sklearn\datasets\images\china.jpg,unknown
C:\Users\krish\Documents\signalhire\backend\venv\Lib\site-packages\sklearn\datasets\images\flower.jpg,unknown
C:\Users\krish\Documents\signalhire\backend\venv\Lib\site-packages\sqlalchemy\dialects\type_migration_guidelines.txt,unknown
C:\Users\krish\Documents\signalhire\backend\venv\Lib\site-packages\sympy\parsing\latex\LICENSE.txt,unknown
C:\Users\krish\Documents\signalhire\backend\venv\Lib\site-packages\sympy\plotting\tests\test_region_and.png,unknown
C:\Users\krish\Documents\signalhire\backend\venv\Lib\site-packages\sympy\plotting\tests\test_region_not.png,unknown
C:\Users\krish\Documents\signalhire\backend\venv\Lib\site-packages\sympy\plotting\tests\test_region_or.png,unknown
C:\Users\krish\Documents\signalhire\backend\venv\Lib\site-packages\sympy\plotting\tests\test_region_xor.png,unknown
C:\Users\krish\Documents\signalhire\backend\venv\Lib\site-packages\urllib3-2.7.0.dist-info\licenses\LICENSE.txt,unknown
C:\Users\krish\Documents\signalhire\backend\venv\Lib\site-packages\win32\license.txt,unknown
C:\Users\krish\Documents\signalhire\backend\venv\Lib\site-packages\win32com\License.txt,unknown
C:\Users\krish\Documents\signalhire\backend\venv\Lib\site-packages\win32com\test\readme.txt,unknown
C:\Users\krish\Documents\signalhire\hackathon_pipeline\ab_log.txt,unknown
C:\Users\krish\Documents\signalhire\hackathon_pipeline\domain_log.txt,unknown
C:\Users\krish\Documents\signalhire\hackathon_pipeline\e2e_output.txt,unknown
C:\Users\krish\Documents\signalhire\hackathon_pipeline\embed_log.txt,unknown
C:\Users\krish\Documents\signalhire\hackathon_pipeline\exp_log.txt,unknown
C:\Users\krish\Documents\signalhire\hackathon_pipeline\final_exp_log.txt,unknown
C:\Users\krish\Documents\signalhire\hackathon_pipeline\final_run_log.txt,unknown
C:\Users\krish\Documents\signalhire\hackathon_pipeline\heur_val_log.txt,unknown
C:\Users\krish\Documents\signalhire\hackathon_pipeline\labels_out.txt,unknown
C:\Users\krish\Documents\signalhire\hackathon_pipeline\query_exp_log.txt,unknown
C:\Users\krish\Documents\signalhire\hackathon_pipeline\retrain_log.txt,unknown
C:\Users\krish\Documents\signalhire\hackathon_pipeline\review_new_Frontend_Engineer.txt,unknown
C:\Users\krish\Documents\signalhire\hackathon_pipeline\review_new_Sales_Manager.txt,unknown
C:\Users\krish\Documents\signalhire\hackathon_pipeline\review_new_Search_Engineer.txt,unknown
C:\Users\krish\Documents\signalhire\hackathon_pipeline\review_orig_Frontend_Engineer.txt,unknown
C:\Users\krish\Documents\signalhire\hackathon_pipeline\review_orig_Sales_Manager.txt,unknown
C:\Users\krish\Documents\signalhire\hackathon_pipeline\review_orig_Search_Engineer.txt,unknown
C:\Users\krish\Documents\signalhire\hackathon_pipeline\sales_forensics_output.txt,unknown
C:\Users\krish\Documents\signalhire\hackathon_pipeline\sim_out.txt,unknown
C:\Users\krish\Documents\signalhire\hackathon_pipeline\val_log.txt,unknown
C:\Users\krish\Documents\signalhire\scratch\ablation_results.txt,unknown
C:\Users\krish\Documents\signalhire\scratch\report.txt,unknown
C:\Users\krish\Documents\signalhire\screenshots\0_landing_page.png,unknown
C:\Users\krish\Documents\signalhire\screenshots\1_frontend_upload.png,uploaded by user
C:\Users\krish\Documents\signalhire\screenshots\1_search_upload.png,uploaded by user
C:\Users\krish\Documents\signalhire\screenshots\1_workspace.png,unknown
C:\Users\krish\Documents\signalhire\screenshots\2_frontend_processing.png,unknown
C:\Users\krish\Documents\signalhire\screenshots\2_reports.png,unknown
C:\Users\krish\Documents\signalhire\screenshots\2_search_processing.png,unknown
C:\Users\krish\Documents\signalhire\screenshots\ERROR_search_workspace.png,unknown
C:\Users\krish\Documents\signalhire\[PUB] India_runs_data_and_ai_challenge\India_runs_data_and_ai_challenge\candidates.jsonl,dataset
C:\Users\krish\Documents\signalhire\[PUB] India_runs_data_and_ai_challenge\India_runs_data_and_ai_challenge\job_description.docx,likely human-created
C:\Users\krish\Documents\signalhire\[PUB] India_runs_data_and_ai_challenge\India_runs_data_and_ai_challenge\redrob_signals_doc.docx,likely human-created
C:\Users\krish\Documents\signalhire\[PUB] India_runs_data_and_ai_challenge\India_runs_data_and_ai_challenge\submission_spec.docx,likely human-created
C:\Users\krish\Documents\signalhire\__MACOSX\[PUB] India_runs_data_and_ai_challenge\India_runs_data_and_ai_challenge\._candidates.jsonl,dataset
C:\Users\krish\Documents\signalhire\__MACOSX\[PUB] India_runs_data_and_ai_challenge\India_runs_data_and_ai_challenge\._job_description.docx,likely human-created
C:\Users\krish\Documents\signalhire\__MACOSX\[PUB] India_runs_data_and_ai_challenge\India_runs_data_and_ai_challenge\._redrob_signals_doc.docx,likely human-created
C:\Users\krish\Documents\signalhire\__MACOSX\[PUB] India_runs_data_and_ai_challenge\India_runs_data_and_ai_challenge\._submission_spec.docx,likely human-created
