file,sha256,origin,used_in_benchmark,used_in_real_validation,duplicate_count,valid_for_production_testing
C:\Users\krish\Documents\signalhire\backend\resume_1.pdf,ff10c70a26221d504e71a3699ee198342b996cb06ceafd09617019db69554455,manually curated,False,True,0,True
C:\Users\krish\Documents\signalhire\backend\resume_10.pdf,2244be792ea2515a09a258aa06601adc0b61ddb2bcabc542f1b869a6546ae8c3,manually curated,False,True,0,True
C:\Users\krish\Documents\signalhire\backend\resume_11.pdf,c5092f273e9ead55b583337db4940b5a9190b9e88944e6613c122b1e38c2727e,manually curated,False,True,0,True
C:\Users\krish\Documents\signalhire\backend\resume_12.pdf,2f43fc593863b50e86160afac1fcfdc543f8eb89c704b95565267887b547198f,manually curated,False,True,0,True
C:\Users\krish\Documents\signalhire\backend\resume_13.pdf,13c3871b453aa6de2e58a5fbdd37993a3918fcec090fab62f7f0972c079c05dd,manually curated,False,True,0,True
C:\Users\krish\Documents\signalhire\backend\resume_14.pdf,91c50b11a9553f2ecda3ad6fc99bf8768885050e101d7e774f23563ce70c8831,manually curated,False,True,0,True
C:\Users\krish\Documents\signalhire\backend\resume_15.pdf,4e68aed080db28ecd472b04fa65eb3ee25af40662b37a6324a62dcab82031e20,manually curated,False,True,0,True
C:\Users\krish\Documents\signalhire\backend\resume_16.pdf,94b504ca667eade09cafcef3884284eaa75cd7a6bfb0f5e2d5479c278510a7ca,manually curated,False,True,0,True
C:\Users\krish\Documents\signalhire\backend\resume_17.pdf,93da33acef1bb317e07b66fd107a2e0b9ad6c84fc1e349875585581e0d22a233,manually curated,False,True,0,True
C:\Users\krish\Documents\signalhire\backend\resume_18.pdf,94f9e265d44b8ba473dcfad662737ca795353c03c1ba2ebf22dae56aef6dbc0b,manually curated,False,True,0,True
C:\Users\krish\Documents\signalhire\backend\resume_19.pdf,cb86355a6e29f7ceffda95e2758912411c8371143031054e3956fa2043769b4c,manually curated,False,True,0,True
C:\Users\krish\Documents\signalhire\backend\resume_2.pdf,32f959cbb20db51daf2dd1b7b21f987ee4cc9efdfce5aef3c708a96813aed429,manually curated,False,True,0,True
C:\Users\krish\Documents\signalhire\backend\resume_20.pdf,e9723ac9287bd3aba54a313314be83cf2ee96fb6c309e9d82e906f5d3c30c475,manually curated,False,True,0,True
C:\Users\krish\Documents\signalhire\backend\resume_21.pdf,a51ac66d148f716a952934c70807bbdc5d998e5f160c229eeeb64bbe984b6599,manually curated,False,True,0,True
C:\Users\krish\Documents\signalhire\backend\resume_22.pdf,a694829f208ec74139ddfaf223f629dd5cb178e34d49ec3f8eef982987becd15,manually curated,False,True,0,True
C:\Users\krish\Documents\signalhire\backend\resume_23.pdf,991401e18f0f160f7e17f9d7f16919c5be6effa0959ce0f1cd50138b00f06ebe,manually curated,False,True,0,True
C:\Users\krish\Documents\signalhire\backend\resume_24.pdf,7bbb304ef38330c361daa3758357393aad5ee60e26825e834749b9d3bee3ba24,manually curated,False,True,0,True
C:\Users\krish\Documents\signalhire\backend\resume_25.pdf,00b4320542b6033a6fd867100a13760ef668772b6f2718cf9a83ca1631f725b9,manually curated,False,True,0,True
C:\Users\krish\Documents\signalhire\backend\resume_26.pdf,56e99a905fe4f6b3e81de65f832b4070b1138846b6d2c29abdc75fd3bc4a32cb,manually curated,False,True,0,True
C:\Users\krish\Documents\signalhire\backend\resume_27.pdf,4247163039a2fd31f46e6c580f1308661e300e62b32c6f57a4cf5c43cb16aaa6,manually curated,False,True,0,True
C:\Users\krish\Documents\signalhire\backend\resume_28.pdf,86fa0b81432a77baa240d2d13917211247ca3baf1e72bc509ccc58d63ff62c56,manually curated,False,True,0,True
C:\Users\krish\Documents\signalhire\backend\resume_29.pdf,0eab64fb77a90afbc730777de2f1c69ffe80cf7b6ba436acd4a5d0c54c5effab,manually curated,False,True,0,True
C:\Users\krish\Documents\signalhire\backend\resume_3.pdf,7b97b7d363b7ec2828f5256df2efe77b82ab3045e3da21c5afe7a405195c89b2,manually curated,False,True,0,True
C:\Users\krish\Documents\signalhire\backend\resume_30.pdf,c6c67d4e8c6fd23dc00b66f41df30ea0c2fa3fce92991c99a04dc1aa6b420bcf,manually curated,False,True,0,True
C:\Users\krish\Documents\signalhire\backend\resume_31.pdf,611237af186eda693625f0dae768fc1fb6c6a1cca75682d5e27cd91427a4c59e,manually curated,False,True,0,True
C:\Users\krish\Documents\signalhire\backend\resume_32.pdf,d08c315dd8daed694ba08c51d748b44ca83a0478a7cc4f7dd28f71daf02577dd,manually curated,False,True,0,True
C:\Users\krish\Documents\signalhire\backend\resume_33.pdf,285db8ad84e9305de434ade0286507a0782b92194924b6102f29732ee89fb7af,manually curated,False,True,0,True
C:\Users\krish\Documents\signalhire\backend\resume_34.pdf,dfd7a77e0486bd646f2d05f17454d9d508fbd40982d9ae0e871420bd0208fceb,manually curated,False,True,0,True
C:\Users\krish\Documents\signalhire\backend\resume_35.pdf,90e2d4ae158b819726e3d7cc4e956c110bd515ee8c9aab9acc7b580d741b1672,manually curated,False,True,0,True
C:\Users\krish\Documents\signalhire\backend\resume_36.pdf,3c3a5cc5035187bd79b53560ecff5a86c7ed99123cd2ff743c284f563f23afc2,manually curated,False,True,0,True
C:\Users\krish\Documents\signalhire\backend\resume_37.pdf,b2ea6e36d33b5b525d2898c41f1c116089916f657a34b66278a026474335f483,manually curated,False,True,0,True
C:\Users\krish\Documents\signalhire\backend\resume_38.pdf,0122b2543feff13265876473904598ff11bf3495ff20ac1f700f659e5167c2af,manually curated,False,True,0,True
C:\Users\krish\Documents\signalhire\backend\resume_39.pdf,0eaa9b8bad06c31de9ac95919a6e2ebac19ab7b8fea23d365eda2873bbceae1a,manually curated,False,True,0,True
C:\Users\krish\Documents\signalhire\backend\resume_4.pdf,7ef0b05e27c9a1b207a2d370a599b7eb2e5b09b5e12973e1457eb540ae0fde94,manually curated,False,True,0,True
C:\Users\krish\Documents\signalhire\backend\resume_40.pdf,c55a899f472ee082a4f00d9b98cc79bba512759a57cc09ae2e3c37991cb13107,manually curated,False,True,0,True
C:\Users\krish\Documents\signalhire\backend\resume_41.pdf,08837d79f715cfb45e67e2c740fc83cbae0f5488e5119cd1730896dd98540175,manually curated,False,True,0,True
C:\Users\krish\Documents\signalhire\backend\resume_42.pdf,aa3df16fb3765738fc7528f68662dd88ed2c2b511bfee6813912f338ba8e8d00,manually curated,False,True,0,True
C:\Users\krish\Documents\signalhire\backend\resume_43.pdf,2c00b1584a562215de13c6a23a965b030cab93d7afcd344fbc84f8e46ad338ec,manually curated,False,True,0,True
C:\Users\krish\Documents\signalhire\backend\resume_44.pdf,ab0900b43ef621fbe365b7d2816ccec28a242ea2763dd14e4b34cdedfa0427ca,manually curated,False,True,0,True
C:\Users\krish\Documents\signalhire\backend\resume_45.pdf,05ea60982e4db994ac449d5c78c4895b4f3cd6ab1f8b9b745fcb515ef3226d67,manually curated,False,True,0,True
C:\Users\krish\Documents\signalhire\backend\resume_46.pdf,84eacec4e1f8657c6d4244f4603efa44cf759cc7aae63560d8ee982fc61aab14,manually curated,False,True,0,True
C:\Users\krish\Documents\signalhire\backend\resume_47.pdf,b55303446c59bc5fbdf78d54470877898494a976445efe95f92d74e9cffca7ab,manually curated,False,True,0,True
C:\Users\krish\Documents\signalhire\backend\resume_48.pdf,d38c9ae5f17df0e99cc215184b0c5ce84239bebe90b5ac8a180ffb4060561b79,manually curated,False,True,0,True
C:\Users\krish\Documents\signalhire\backend\resume_49.pdf,e8913184e7eba6d8b023bdadd4d21d147b25cd2915b67c35ec0c5be181521b4f,manually curated,False,True,0,True
C:\Users\krish\Documents\signalhire\backend\resume_5.pdf,22839beaaeadacd428cd881ca4fddf156d37a449a2319737ae42b3cbbae422c8,manually curated,False,True,0,True
C:\Users\krish\Documents\signalhire\backend\resume_50.pdf,136b7d499b622ed39a57f0a6e6ce109e3351b295fefaac9eb9025e79f5311772,manually curated,False,True,0,True
C:\Users\krish\Documents\signalhire\backend\resume_6.pdf,a861dc670f90dc3f750f911581d36a0a99181f333a2385f72b265a906610ca95,manually curated,False,True,0,True
C:\Users\krish\Documents\signalhire\backend\resume_7.pdf,d8d877440fb137fcd1541b7fcc6936069c800a64e2a5d683ae33acd8d94398e5,manually curated,False,True,0,True
C:\Users\krish\Documents\signalhire\backend\resume_8.pdf,133518d615fd21e8433fc8e000eccbb3305b97b13311c41713eaa39542d37923,manually curated,False,True,0,True
C:\Users\krish\Documents\signalhire\backend\resume_9.pdf,aae824793755e8c949d855045add4663e402119ea277847d805b4ebddcf020e8,manually curated,False,True,0,True
C:\Users\krish\Documents\signalhire\backend\test_resume.pdf,4a80da39bb8418309293c9fb8457474d3bf11ef0cb9a58cd40885ac4d9eed8de,manually curated,False,True,1,False
C:\Users\krish\Documents\signalhire\backend\real_resumes\real_resume_1.pdf,4b8d19317f9396a4d8a079323bbea2d8b47ebe1ebb9bc8f84d55ca007063da3c,manually curated,False,True,0,True
C:\Users\krish\Documents\signalhire\backend\real_resumes\real_resume_10.pdf,956e6092c34aecdfaff29572b847d9e21b36d4ffadc41598d95d068a823cd160,manually curated,False,True,0,True
C:\Users\krish\Documents\signalhire\backend\real_resumes\real_resume_2.pdf,f55aa7b34f35a7a2e02a7b168a04df38f862df10ed59dcd74048163b355f8dde,manually curated,False,True,0,True
C:\Users\krish\Documents\signalhire\backend\real_resumes\real_resume_3.pdf,e56a1d685b68d2ceb1425a97828a4b27000236a4c90f8434148a958e4c1b7a8f,manually curated,False,True,0,True
C:\Users\krish\Documents\signalhire\backend\real_resumes\real_resume_4.pdf,083d7666a9e31c5b8561ddcda8ce3ecb88c42583dd2b22c8e90ac29f27e5d575,manually curated,False,True,0,True
C:\Users\krish\Documents\signalhire\backend\real_resumes\real_resume_5.pdf,a1648aff54a5f74423b49d69a3d21ab9850b008efa484ec58f7cd49478e022ef,manually curated,False,True,0,True
C:\Users\krish\Documents\signalhire\backend\real_resumes\real_resume_6.pdf,d01133a50c5cb9b4bc369d10de8dc167cd3639d8b23fae228a92dccd476b3e43,manually curated,False,True,0,True
C:\Users\krish\Documents\signalhire\backend\real_resumes\real_resume_7.pdf,17376c34627f4a23c9927428fbcc144d6f5f2fde92987cf96cca41d460f897a8,manually curated,False,True,0,True
C:\Users\krish\Documents\signalhire\backend\real_resumes\real_resume_8.pdf,98667777abf081d9712ff0fcab096efa5eef9ee9c91ca978af49e2b7e5f4a966,manually curated,False,True,0,True
C:\Users\krish\Documents\signalhire\backend\real_resumes\real_resume_9.pdf,ffafc9465b0331d1ab247b1a081ac553e63adb48acfdcab9327f624ba304782f,manually curated,False,True,0,True
C:\Users\krish\Documents\signalhire\backend\uploads\00ccf7d9-6b6b-4a6c-8eea-a0d5c798feae.pdf,9f45c002a658dce907b6cea5bdd492edebbc20f266db1500f00dd0d512ef49b9,recruiter upload,False,True,7,False
C:\Users\krish\Documents\signalhire\backend\uploads\02b6b9ce-1d6c-4cbe-8d49-2882947ec1c0.pdf,7bf607ad2820e4a0b80dab16fc2a45347bf2229a9acb76dacbefde371533fa08,recruiter upload,False,True,4,False
C:\Users\krish\Documents\signalhire\backend\uploads\0d9fe095-61d6-4ac0-abfb-d43cd3dc2a71.pdf,9f45c002a658dce907b6cea5bdd492edebbc20f266db1500f00dd0d512ef49b9,recruiter upload,False,True,7,False
C:\Users\krish\Documents\signalhire\backend\uploads\1a10d710-9d77-4e42-976e-e855a01a4334.pdf,f9878c5d9fa5166b46f3e809bfb005441580544025aa77481a83002e19aea8b1,recruiter upload,False,True,4,False
C:\Users\krish\Documents\signalhire\backend\uploads\30ffed00-99e4-4867-8dde-2a8497c1023d.pdf,f9878c5d9fa5166b46f3e809bfb005441580544025aa77481a83002e19aea8b1,recruiter upload,False,True,4,False
C:\Users\krish\Documents\signalhire\backend\uploads\434ded4d-56c5-45cc-a9ce-eec8f8dd20d3.pdf,f9878c5d9fa5166b46f3e809bfb005441580544025aa77481a83002e19aea8b1,recruiter upload,False,True,4,False
C:\Users\krish\Documents\signalhire\backend\uploads\522cc1b7-58af-4269-8562-3e2aa2ba608c.pdf,9f45c002a658dce907b6cea5bdd492edebbc20f266db1500f00dd0d512ef49b9,recruiter upload,False,True,7,False
C:\Users\krish\Documents\signalhire\backend\uploads\52a854e3-958c-4599-a3c4-afcfdc317844.pdf,7bf607ad2820e4a0b80dab16fc2a45347bf2229a9acb76dacbefde371533fa08,recruiter upload,False,True,4,False
C:\Users\krish\Documents\signalhire\backend\uploads\573f48ac-4e37-450c-99e2-0bfcb8465264.pdf,9f45c002a658dce907b6cea5bdd492edebbc20f266db1500f00dd0d512ef49b9,recruiter upload,False,True,7,False
C:\Users\krish\Documents\signalhire\backend\uploads\672bb768-120e-4779-846d-43f0b4ca9177.pdf,c2987dc61c96df3f42ae546755797643de1b89af89ded226ef882608eab70965,recruiter upload,False,True,4,False
C:\Users\krish\Documents\signalhire\backend\uploads\6e1206ef-0a4c-4af9-a834-98b7ee5f79da.pdf,6584e8daa1b53f43210800b60e5d8af15c707d57e9caeb9c5b2d2baa468f8339,recruiter upload,False,True,4,False
C:\Users\krish\Documents\signalhire\backend\uploads\7096f125-5795-43f8-85ba-e954394ae453.pdf,c2987dc61c96df3f42ae546755797643de1b89af89ded226ef882608eab70965,recruiter upload,False,True,4,False
C:\Users\krish\Documents\signalhire\backend\uploads\a059c454-ecce-45cd-b6db-886e6f67ab05.pdf,4a80da39bb8418309293c9fb8457474d3bf11ef0cb9a58cd40885ac4d9eed8de,recruiter upload,False,True,1,False
C:\Users\krish\Documents\signalhire\backend\uploads\a71de4a5-640d-49cc-95cd-9cf9a7c36330.pdf,6584e8daa1b53f43210800b60e5d8af15c707d57e9caeb9c5b2d2baa468f8339,recruiter upload,False,True,4,False
C:\Users\krish\Documents\signalhire\backend\uploads\af3a17ba-ee0c-4183-ab06-67a015131942.pdf,6584e8daa1b53f43210800b60e5d8af15c707d57e9caeb9c5b2d2baa468f8339,recruiter upload,False,True,4,False
C:\Users\krish\Documents\signalhire\backend\uploads\b1fb0b93-a24e-42fc-bc53-c4fcde79049d.pdf,c2987dc61c96df3f42ae546755797643de1b89af89ded226ef882608eab70965,recruiter upload,False,True,4,False
C:\Users\krish\Documents\signalhire\backend\uploads\b36374b6-db02-403c-90a3-7d85e18f3587.pdf,6584e8daa1b53f43210800b60e5d8af15c707d57e9caeb9c5b2d2baa468f8339,recruiter upload,False,True,4,False
C:\Users\krish\Documents\signalhire\backend\uploads\b704ad13-4651-46e2-944a-bd4338f64453.pdf,9f45c002a658dce907b6cea5bdd492edebbc20f266db1500f00dd0d512ef49b9,recruiter upload,False,True,7,False
C:\Users\krish\Documents\signalhire\backend\uploads\b8a4b32d-677f-429d-8883-a94c42ae4c63.pdf,6584e8daa1b53f43210800b60e5d8af15c707d57e9caeb9c5b2d2baa468f8339,recruiter upload,False,True,4,False
C:\Users\krish\Documents\signalhire\backend\uploads\c6cd5273-641a-419a-82d3-227bf58f4eac.pdf,f9878c5d9fa5166b46f3e809bfb005441580544025aa77481a83002e19aea8b1,recruiter upload,False,True,4,False
C:\Users\krish\Documents\signalhire\backend\uploads\cfe3af37-bbd8-489a-a9a9-c0ab1c1c82fa.pdf,9f45c002a658dce907b6cea5bdd492edebbc20f266db1500f00dd0d512ef49b9,recruiter upload,False,True,7,False
C:\Users\krish\Documents\signalhire\backend\uploads\d0ebeb9c-addb-4ad0-a205-afd8515d07c4.pdf,7bf607ad2820e4a0b80dab16fc2a45347bf2229a9acb76dacbefde371533fa08,recruiter upload,False,True,4,False
C:\Users\krish\Documents\signalhire\backend\uploads\d699a9c8-8a28-41f9-8cfb-6dd6522f48c1.pdf,c2987dc61c96df3f42ae546755797643de1b89af89ded226ef882608eab70965,recruiter upload,False,True,4,False
C:\Users\krish\Documents\signalhire\backend\uploads\d6bcbc95-d7a6-4f1c-9d59-7cf650a87d26.pdf,7bf607ad2820e4a0b80dab16fc2a45347bf2229a9acb76dacbefde371533fa08,recruiter upload,False,True,4,False
C:\Users\krish\Documents\signalhire\backend\uploads\dfb5ecf1-9da2-4644-b4ea-76a809b9f14b.pdf,c2987dc61c96df3f42ae546755797643de1b89af89ded226ef882608eab70965,recruiter upload,False,True,4,False
C:\Users\krish\Documents\signalhire\backend\uploads\e458f306-fdb0-475b-b231-92c60c8b4e73.pdf,f9878c5d9fa5166b46f3e809bfb005441580544025aa77481a83002e19aea8b1,recruiter upload,False,True,4,False
C:\Users\krish\Documents\signalhire\backend\uploads\e99145de-d79d-4f65-a747-f417aef5b54f.pdf,ce9c48826bfd6ee5a684f3165e552e0cc809c45bf4da743f94c332919cffd86f,recruiter upload,False,True,0,True
C:\Users\krish\Documents\signalhire\backend\uploads\e9a99a43-18c1-4631-b248-691784fa901d.pdf,1d1583cf8aca4c6253a1ed0ac161400317949c80bdc5f82dc4056e0781f2e250,recruiter upload,False,True,0,True
C:\Users\krish\Documents\signalhire\backend\uploads\ea84ac88-376c-4c83-b2a2-5c14feceb4a6.pdf,7bf607ad2820e4a0b80dab16fc2a45347bf2229a9acb76dacbefde371533fa08,recruiter upload,False,True,4,False
C:\Users\krish\Documents\signalhire\backend\uploads\f3e2257d-66a0-4b51-ac11-d8197069af61.pdf,9f45c002a658dce907b6cea5bdd492edebbc20f266db1500f00dd0d512ef49b9,recruiter upload,False,True,7,False
C:\Users\krish\Documents\signalhire\backend\uploads\ff31bbdb-243e-40b2-96de-c0122d636f69.pdf,9f45c002a658dce907b6cea5bdd492edebbc20f266db1500f00dd0d512ef49b9,recruiter upload,False,True,7,False
