absolute_path,source,type,size_bytes,creation_timestamp,modification_timestamp
C:\Users\krish\Documents\signalhire\lgbm_ranker.txt,signalhire,txt,367381,2026-06-04 20:06:30,2026-06-07 09:03:47
C:\Users\krish\Documents\signalhire\lgbm_ranker_A.txt,signalhire,txt,366692,2026-06-07 08:52:54,2026-06-07 08:52:54
C:\Users\krish\Documents\signalhire\lgbm_ranker_B.txt,signalhire,txt,366937,2026-06-07 08:52:54,2026-06-07 08:52:54
C:\Users\krish\Documents\signalhire\lgbm_ranker_C.txt,signalhire,txt,367381,2026-06-07 08:52:54,2026-06-07 08:52:54
C:\Users\krish\Documents\signalhire\backend\audit_results.txt,backend,txt,32472,2026-06-12 20:50:59,2026-06-12 20:52:08
C:\Users\krish\Documents\signalhire\backend\real_validation_output.txt,backend,txt,48776,2026-06-13 10:07:42,2026-06-13 10:11:12
C:\Users\krish\Documents\signalhire\backend\resume_1.pdf,backend,pdf,1573,2026-06-12 18:33:43,2026-06-13 09:20:57
C:\Users\krish\Documents\signalhire\backend\resume_10.pdf,backend,pdf,1591,2026-06-12 18:33:43,2026-06-13 09:20:57
C:\Users\krish\Documents\signalhire\backend\resume_11.pdf,backend,pdf,1582,2026-06-12 18:33:43,2026-06-13 09:20:57
C:\Users\krish\Documents\signalhire\backend\resume_12.pdf,backend,pdf,1315,2026-06-12 18:33:43,2026-06-13 09:20:57
C:\Users\krish\Documents\signalhire\backend\resume_13.pdf,backend,pdf,1313,2026-06-12 18:33:43,2026-06-13 09:20:57
C:\Users\krish\Documents\signalhire\backend\resume_14.pdf,backend,pdf,1571,2026-06-12 18:33:43,2026-06-13 09:20:57
C:\Users\krish\Documents\signalhire\backend\resume_15.pdf,backend,pdf,1320,2026-06-12 18:33:43,2026-06-13 09:20:57
C:\Users\krish\Documents\signalhire\backend\resume_16.pdf,backend,pdf,1567,2026-06-12 18:33:43,2026-06-13 09:20:57
C:\Users\krish\Documents\signalhire\backend\resume_17.pdf,backend,pdf,1584,2026-06-12 18:33:43,2026-06-13 09:20:57
C:\Users\krish\Documents\signalhire\backend\resume_18.pdf,backend,pdf,1572,2026-06-12 18:33:43,2026-06-13 09:20:57
C:\Users\krish\Documents\signalhire\backend\resume_19.pdf,backend,pdf,1596,2026-06-12 18:33:43,2026-06-13 09:20:57
C:\Users\krish\Documents\signalhire\backend\resume_2.pdf,backend,pdf,1579,2026-06-12 18:33:43,2026-06-13 09:20:57
C:\Users\krish\Documents\signalhire\backend\resume_20.pdf,backend,pdf,1576,2026-06-12 18:33:43,2026-06-13 09:20:57
C:\Users\krish\Documents\signalhire\backend\resume_21.pdf,backend,pdf,1581,2026-06-12 18:49:55,2026-06-13 09:20:57
C:\Users\krish\Documents\signalhire\backend\resume_22.pdf,backend,pdf,1575,2026-06-12 18:49:55,2026-06-13 09:20:57
C:\Users\krish\Documents\signalhire\backend\resume_23.pdf,backend,pdf,1308,2026-06-12 18:49:55,2026-06-13 09:20:57
C:\Users\krish\Documents\signalhire\backend\resume_24.pdf,backend,pdf,1570,2026-06-12 18:49:55,2026-06-13 09:20:57
C:\Users\krish\Documents\signalhire\backend\resume_25.pdf,backend,pdf,1585,2026-06-12 18:49:55,2026-06-13 09:20:57
C:\Users\krish\Documents\signalhire\backend\resume_26.pdf,backend,pdf,1326,2026-06-12 18:49:55,2026-06-13 09:20:57
C:\Users\krish\Documents\signalhire\backend\resume_27.pdf,backend,pdf,1566,2026-06-12 18:49:55,2026-06-13 09:20:57
C:\Users\krish\Documents\signalhire\backend\resume_28.pdf,backend,pdf,1584,2026-06-12 18:49:55,2026-06-13 09:20:57
C:\Users\krish\Documents\signalhire\backend\resume_29.pdf,backend,pdf,1314,2026-06-12 18:49:55,2026-06-13 09:20:57
C:\Users\krish\Documents\signalhire\backend\resume_3.pdf,backend,pdf,1590,2026-06-12 18:33:43,2026-06-13 09:20:57
C:\Users\krish\Documents\signalhire\backend\resume_30.pdf,backend,pdf,1583,2026-06-12 18:49:55,2026-06-13 09:20:57
C:\Users\krish\Documents\signalhire\backend\resume_31.pdf,backend,pdf,1602,2026-06-12 18:49:55,2026-06-13 09:20:57
C:\Users\krish\Documents\signalhire\backend\resume_32.pdf,backend,pdf,1569,2026-06-12 18:49:55,2026-06-13 09:20:57
C:\Users\krish\Documents\signalhire\backend\resume_33.pdf,backend,pdf,1572,2026-06-12 18:49:55,2026-06-13 09:20:57
C:\Users\krish\Documents\signalhire\backend\resume_34.pdf,backend,pdf,1579,2026-06-12 18:49:55,2026-06-13 09:20:57
C:\Users\krish\Documents\signalhire\backend\resume_35.pdf,backend,pdf,1583,2026-06-12 18:49:55,2026-06-13 09:20:57
C:\Users\krish\Documents\signalhire\backend\resume_36.pdf,backend,pdf,1573,2026-06-12 18:49:55,2026-06-13 09:20:57
C:\Users\krish\Documents\signalhire\backend\resume_37.pdf,backend,pdf,1568,2026-06-12 18:49:55,2026-06-13 09:20:57
C:\Users\krish\Documents\signalhire\backend\resume_38.pdf,backend,pdf,1562,2026-06-12 18:49:55,2026-06-13 09:20:57
C:\Users\krish\Documents\signalhire\backend\resume_39.pdf,backend,pdf,1317,2026-06-12 18:49:55,2026-06-13 09:20:57
C:\Users\krish\Documents\signalhire\backend\resume_4.pdf,backend,pdf,1579,2026-06-12 18:33:43,2026-06-13 09:20:57
C:\Users\krish\Documents\signalhire\backend\resume_40.pdf,backend,pdf,1595,2026-06-12 18:49:55,2026-06-13 09:20:57
C:\Users\krish\Documents\signalhire\backend\resume_41.pdf,backend,pdf,1331,2026-06-12 18:49:55,2026-06-13 09:20:57
C:\Users\krish\Documents\signalhire\backend\resume_42.pdf,backend,pdf,1596,2026-06-12 18:49:55,2026-06-13 09:20:57
C:\Users\krish\Documents\signalhire\backend\resume_43.pdf,backend,pdf,1587,2026-06-12 18:49:55,2026-06-13 09:20:57
C:\Users\krish\Documents\signalhire\backend\resume_44.pdf,backend,pdf,1569,2026-06-12 18:49:55,2026-06-13 09:20:57
C:\Users\krish\Documents\signalhire\backend\resume_45.pdf,backend,pdf,1604,2026-06-12 18:49:55,2026-06-13 09:20:57
C:\Users\krish\Documents\signalhire\backend\resume_46.pdf,backend,pdf,1308,2026-06-12 18:49:55,2026-06-13 09:20:57
C:\Users\krish\Documents\signalhire\backend\resume_47.pdf,backend,pdf,1323,2026-06-12 18:49:55,2026-06-13 09:20:57
C:\Users\krish\Documents\signalhire\backend\resume_48.pdf,backend,pdf,1592,2026-06-12 18:49:55,2026-06-13 09:20:57
C:\Users\krish\Documents\signalhire\backend\resume_49.pdf,backend,pdf,1578,2026-06-12 18:49:55,2026-06-13 09:20:57
C:\Users\krish\Documents\signalhire\backend\resume_5.pdf,backend,pdf,1585,2026-06-12 18:33:43,2026-06-13 09:20:57
C:\Users\krish\Documents\signalhire\backend\resume_50.pdf,backend,pdf,1324,2026-06-12 18:49:55,2026-06-13 09:20:57
C:\Users\krish\Documents\signalhire\backend\resume_6.pdf,backend,pdf,1576,2026-06-12 18:33:43,2026-06-13 09:20:57
C:\Users\krish\Documents\signalhire\backend\resume_7.pdf,backend,pdf,1581,2026-06-12 18:33:43,2026-06-13 09:20:57
C:\Users\krish\Documents\signalhire\backend\resume_8.pdf,backend,pdf,1586,2026-06-12 18:33:43,2026-06-13 09:20:57
C:\Users\krish\Documents\signalhire\backend\resume_9.pdf,backend,pdf,1574,2026-06-12 18:33:43,2026-06-13 09:20:57
C:\Users\krish\Documents\signalhire\backend\test_resume.pdf,backend,pdf,1065,2026-06-09 06:57:03,2026-06-12 18:26:23
C:\Users\krish\Documents\signalhire\backend\test_resume.txt,backend,txt,458,2026-06-09 06:55:48,2026-06-09 06:55:48
C:\Users\krish\Documents\signalhire\backend\real_resumes\real_resume_1.pdf,real_resumes,pdf,1835,2026-06-13 09:42:17,2026-06-13 09:42:17
C:\Users\krish\Documents\signalhire\backend\real_resumes\real_resume_10.pdf,real_resumes,pdf,1621,2026-06-13 09:42:17,2026-06-13 09:42:17
C:\Users\krish\Documents\signalhire\backend\real_resumes\real_resume_2.pdf,real_resumes,pdf,1743,2026-06-13 09:42:17,2026-06-13 09:42:17
C:\Users\krish\Documents\signalhire\backend\real_resumes\real_resume_3.pdf,real_resumes,pdf,1750,2026-06-13 09:42:17,2026-06-13 09:42:17
C:\Users\krish\Documents\signalhire\backend\real_resumes\real_resume_4.pdf,real_resumes,pdf,1686,2026-06-13 09:42:17,2026-06-13 09:42:17
C:\Users\krish\Documents\signalhire\backend\real_resumes\real_resume_5.pdf,real_resumes,pdf,1698,2026-06-13 09:42:17,2026-06-13 09:42:17
C:\Users\krish\Documents\signalhire\backend\real_resumes\real_resume_6.pdf,real_resumes,pdf,1656,2026-06-13 09:42:17,2026-06-13 09:42:17
C:\Users\krish\Documents\signalhire\backend\real_resumes\real_resume_7.pdf,real_resumes,pdf,1573,2026-06-13 09:42:17,2026-06-13 09:42:17
C:\Users\krish\Documents\signalhire\backend\real_resumes\real_resume_8.pdf,real_resumes,pdf,1663,2026-06-13 09:42:17,2026-06-13 09:42:17
C:\Users\krish\Documents\signalhire\backend\real_resumes\real_resume_9.pdf,real_resumes,pdf,1588,2026-06-13 09:42:17,2026-06-13 09:42:17
C:\Users\krish\Documents\signalhire\backend\uploads\00ccf7d9-6b6b-4a6c-8eea-a0d5c798feae.pdf,uploads,pdf,1330,2026-06-12 21:16:22,2026-06-12 21:16:22
C:\Users\krish\Documents\signalhire\backend\uploads\02b6b9ce-1d6c-4cbe-8d49-2882947ec1c0.pdf,uploads,pdf,1309,2026-06-12 21:30:30,2026-06-12 21:30:30
C:\Users\krish\Documents\signalhire\backend\uploads\0d9fe095-61d6-4ac0-abfb-d43cd3dc2a71.pdf,uploads,pdf,1330,2026-06-12 21:15:05,2026-06-12 21:15:05
C:\Users\krish\Documents\signalhire\backend\uploads\1a10d710-9d77-4e42-976e-e855a01a4334.pdf,uploads,pdf,1579,2026-06-12 21:20:31,2026-06-12 21:20:31
C:\Users\krish\Documents\signalhire\backend\uploads\30ffed00-99e4-4867-8dde-2a8497c1023d.pdf,uploads,pdf,1579,2026-06-12 21:31:36,2026-06-12 21:31:36
C:\Users\krish\Documents\signalhire\backend\uploads\434ded4d-56c5-45cc-a9ce-eec8f8dd20d3.pdf,uploads,pdf,1579,2026-06-12 21:29:10,2026-06-12 21:29:10
C:\Users\krish\Documents\signalhire\backend\uploads\522cc1b7-58af-4269-8562-3e2aa2ba608c.pdf,uploads,pdf,1330,2026-06-12 21:27:50,2026-06-12 21:27:50
C:\Users\krish\Documents\signalhire\backend\uploads\52a854e3-958c-4599-a3c4-afcfdc317844.pdf,uploads,pdf,1309,2026-06-12 21:19:59,2026-06-12 21:19:59
C:\Users\krish\Documents\signalhire\backend\uploads\573f48ac-4e37-450c-99e2-0bfcb8465264.pdf,uploads,pdf,1330,2026-06-12 21:25:01,2026-06-12 21:25:01
C:\Users\krish\Documents\signalhire\backend\uploads\672bb768-120e-4779-846d-43f0b4ca9177.pdf,uploads,pdf,1335,2026-06-12 21:31:43,2026-06-12 21:31:43
C:\Users\krish\Documents\signalhire\backend\uploads\6e1206ef-0a4c-4af9-a834-98b7ee5f79da.pdf,uploads,pdf,1587,2026-06-12 21:25:43,2026-06-12 21:25:43
C:\Users\krish\Documents\signalhire\backend\uploads\7096f125-5795-43f8-85ba-e954394ae453.pdf,uploads,pdf,1335,2026-06-12 21:29:30,2026-06-12 21:29:30
C:\Users\krish\Documents\signalhire\backend\uploads\a059c454-ecce-45cd-b6db-886e6f67ab05.pdf,uploads,pdf,1065,2026-06-12 18:26:37,2026-06-12 18:26:37
C:\Users\krish\Documents\signalhire\backend\uploads\a71de4a5-640d-49cc-95cd-9cf9a7c36330.pdf,uploads,pdf,1587,2026-06-12 21:28:49,2026-06-12 21:28:49
C:\Users\krish\Documents\signalhire\backend\uploads\af3a17ba-ee0c-4183-ab06-67a015131942.pdf,uploads,pdf,1587,2026-06-12 21:31:29,2026-06-12 21:31:29
C:\Users\krish\Documents\signalhire\backend\uploads\b1fb0b93-a24e-42fc-bc53-c4fcde79049d.pdf,uploads,pdf,1335,2026-06-12 21:20:53,2026-06-12 21:20:53
C:\Users\krish\Documents\signalhire\backend\uploads\b36374b6-db02-403c-90a3-7d85e18f3587.pdf,uploads,pdf,1587,2026-06-12 21:20:14,2026-06-12 21:20:14
C:\Users\krish\Documents\signalhire\backend\uploads\b704ad13-4651-46e2-944a-bd4338f64453.pdf,uploads,pdf,1330,2026-06-12 21:30:15,2026-06-12 21:30:15
C:\Users\krish\Documents\signalhire\backend\uploads\b8a4b32d-677f-429d-8883-a94c42ae4c63.pdf,uploads,pdf,1587,2026-06-12 21:22:20,2026-06-12 21:22:20
C:\Users\krish\Documents\signalhire\backend\uploads\c6cd5273-641a-419a-82d3-227bf58f4eac.pdf,uploads,pdf,1579,2026-06-12 21:26:02,2026-06-12 21:26:02
C:\Users\krish\Documents\signalhire\backend\uploads\cfe3af37-bbd8-489a-a9a9-c0ab1c1c82fa.pdf,uploads,pdf,1330,2026-06-12 21:19:39,2026-06-12 21:19:39
C:\Users\krish\Documents\signalhire\backend\uploads\d0ebeb9c-addb-4ad0-a205-afd8515d07c4.pdf,uploads,pdf,1309,2026-06-12 21:28:32,2026-06-12 21:28:32
C:\Users\krish\Documents\signalhire\backend\uploads\d699a9c8-8a28-41f9-8cfb-6dd6522f48c1.pdf,uploads,pdf,1335,2026-06-12 21:23:51,2026-06-12 21:23:51
C:\Users\krish\Documents\signalhire\backend\uploads\d6bcbc95-d7a6-4f1c-9d59-7cf650a87d26.pdf,uploads,pdf,1309,2026-06-12 21:21:49,2026-06-12 21:21:49
C:\Users\krish\Documents\signalhire\backend\uploads\dfb5ecf1-9da2-4644-b4ea-76a809b9f14b.pdf,uploads,pdf,1335,2026-06-12 21:26:23,2026-06-12 21:26:23
C:\Users\krish\Documents\signalhire\backend\uploads\e458f306-fdb0-475b-b231-92c60c8b4e73.pdf,uploads,pdf,1579,2026-06-12 21:23:41,2026-06-12 21:23:41
C:\Users\krish\Documents\signalhire\backend\uploads\e99145de-d79d-4f65-a747-f417aef5b54f.pdf,uploads,pdf,1065,2026-06-09 06:57:09,2026-06-09 06:57:09
C:\Users\krish\Documents\signalhire\backend\uploads\e9a99a43-18c1-4631-b248-691784fa901d.pdf,uploads,pdf,1065,2026-06-09 06:57:30,2026-06-09 06:57:30
C:\Users\krish\Documents\signalhire\backend\uploads\ea84ac88-376c-4c83-b2a2-5c14feceb4a6.pdf,uploads,pdf,1309,2026-06-12 21:25:24,2026-06-12 21:25:24
C:\Users\krish\Documents\signalhire\backend\uploads\f3e2257d-66a0-4b51-ac11-d8197069af61.pdf,uploads,pdf,1330,2026-06-12 21:32:56,2026-06-12 21:32:56
C:\Users\krish\Documents\signalhire\backend\uploads\ff31bbdb-243e-40b2-96de-c0122d636f69.pdf,uploads,pdf,1330,2026-06-12 21:21:39,2026-06-12 21:21:39
C:\Users\krish\Documents\signalhire\backend\venv\Lib\site-packages\adodbapi\license.txt,adodbapi,txt,26925,2026-05-28 07:15:12,2026-05-28 07:15:12
C:\Users\krish\Documents\signalhire\backend\venv\Lib\site-packages\adodbapi\readme.txt,adodbapi,txt,4782,2026-05-28 07:15:12,2026-05-28 07:15:12
C:\Users\krish\Documents\signalhire\backend\venv\Lib\site-packages\botocore-1.43.16.dist-info\LICENSE.txt,botocore-1.43.16.dist-info,txt,10174,2026-05-28 07:20:22,2026-05-28 07:20:22
C:\Users\krish\Documents\signalhire\backend\venv\Lib\site-packages\click-8.4.1.dist-info\licenses\LICENSE.txt,licenses,txt,1475,2026-05-28 07:18:23,2026-05-28 07:18:23
C:\Users\krish\Documents\signalhire\backend\venv\Lib\site-packages\colorama-0.4.6.dist-info\licenses\LICENSE.txt,licenses,txt,1491,2026-05-28 07:17:26,2026-05-28 07:17:26
C:\Users\krish\Documents\signalhire\backend\venv\Lib\site-packages\h11-0.16.0.dist-info\licenses\LICENSE.txt,licenses,txt,1124,2026-05-28 07:17:22,2026-05-28 07:17:22
C:\Users\krish\Documents\signalhire\backend\venv\Lib\site-packages\httplib2\cacerts.txt,httplib2,txt,137365,2026-05-28 07:18:18,2026-05-28 07:18:18
C:\Users\krish\Documents\signalhire\backend\venv\Lib\site-packages\jinja2-3.1.6.dist-info\licenses\LICENSE.txt,licenses,txt,1475,2026-05-28 07:18:17,2026-05-28 07:18:17
C:\Users\krish\Documents\signalhire\backend\venv\Lib\site-packages\joblib-1.5.3.dist-info\licenses\LICENSE.txt,licenses,txt,1527,2026-05-28 07:17:19,2026-05-28 07:17:19
C:\Users\krish\Documents\signalhire\backend\venv\Lib\site-packages\mako-1.3.12.dist-info\entry_points.txt,mako-1.3.12.dist-info,txt,512,2026-05-28 07:18:17,2026-05-28 07:18:17
C:\Users\krish\Documents\signalhire\backend\venv\Lib\site-packages\markupsafe-3.0.3.dist-info\licenses\LICENSE.txt,licenses,txt,1503,2026-05-28 07:17:18,2026-05-28 07:17:18
C:\Users\krish\Documents\signalhire\backend\venv\Lib\site-packages\networkx\drawing\tests\baseline\test_display_complex.png,baseline,png,142315,2026-05-28 07:17:03,2026-05-28 07:17:03
C:\Users\krish\Documents\signalhire\backend\venv\Lib\site-packages\networkx\drawing\tests\baseline\test_display_empty_graph.png,baseline,png,3257,2026-05-28 07:17:03,2026-05-28 07:17:03
C:\Users\krish\Documents\signalhire\backend\venv\Lib\site-packages\networkx\drawing\tests\baseline\test_display_house_with_colors.png,baseline,png,26002,2026-05-28 07:17:03,2026-05-28 07:17:03
C:\Users\krish\Documents\signalhire\backend\venv\Lib\site-packages\networkx\drawing\tests\baseline\test_display_labels_and_colors.png,baseline,png,62571,2026-05-28 07:17:03,2026-05-28 07:17:03
C:\Users\krish\Documents\signalhire\backend\venv\Lib\site-packages\networkx\drawing\tests\baseline\test_display_shortest_path.png,baseline,png,35264,2026-05-28 07:17:03,2026-05-28 07:17:03
C:\Users\krish\Documents\signalhire\backend\venv\Lib\site-packages\networkx\drawing\tests\baseline\test_house_with_colors.png,baseline,png,21918,2026-05-28 07:17:03,2026-05-28 07:17:03
C:\Users\krish\Documents\signalhire\backend\venv\Lib\site-packages\networkx-3.6.1.dist-info\licenses\LICENSE.txt,licenses,txt,1763,2026-05-28 07:17:03,2026-05-28 07:17:03
C:\Users\krish\Documents\signalhire\backend\venv\Lib\site-packages\numpy\ma\API_CHANGES.txt,ma,txt,3540,2026-05-28 07:16:51,2026-05-28 07:16:51
C:\Users\krish\Documents\signalhire\backend\venv\Lib\site-packages\numpy\_core\include\numpy\random\LICENSE.txt,random,txt,1039,2026-05-28 07:16:51,2026-05-28 07:16:51
C:\Users\krish\Documents\signalhire\backend\venv\Lib\site-packages\numpy-2.4.6.dist-info\licenses\LICENSE.txt,licenses,txt,45831,2026-05-28 07:16:51,2026-05-28 07:16:51
C:\Users\krish\Documents\signalhire\backend\venv\Lib\site-packages\numpy-2.4.6.dist-info\licenses\numpy\linalg\lapack_lite\LICENSE.txt,lapack_lite,txt,2314,2026-05-28 07:16:51,2026-05-28 07:16:51
C:\Users\krish\Documents\signalhire\backend\venv\Lib\site-packages\numpy-2.4.6.dist-info\licenses\numpy\_core\include\numpy\libdivide\LICENSE.txt,libdivide,txt,1039,2026-05-28 07:16:51,2026-05-28 07:16:51
C:\Users\krish\Documents\signalhire\backend\venv\Lib\site-packages\numpy-2.4.6.dist-info\licenses\numpy\_core\src\multiarray\dragon4_LICENSE.txt,multiarray,txt,1441,2026-05-28 07:16:52,2026-05-28 07:16:52
C:\Users\krish\Documents\signalhire\backend\venv\Lib\site-packages\pip\_vendor\cachecontrol\LICENSE.txt,cachecontrol,txt,558,2026-05-28 07:14:18,2026-05-28 07:14:18
C:\Users\krish\Documents\signalhire\backend\venv\Lib\site-packages\pip\_vendor\distlib\LICENSE.txt,distlib,txt,14531,2026-05-28 07:14:18,2026-05-28 07:14:18
C:\Users\krish\Documents\signalhire\backend\venv\Lib\site-packages\pip\_vendor\urllib3\LICENSE.txt,urllib3,txt,1093,2026-05-28 07:14:19,2026-05-28 07:14:19
C:\Users\krish\Documents\signalhire\backend\venv\Lib\site-packages\pip-26.1.1.dist-info\licenses\AUTHORS.txt,licenses,txt,11852,2026-05-28 07:14:19,2026-05-28 07:14:19
C:\Users\krish\Documents\signalhire\backend\venv\Lib\site-packages\pip-26.1.1.dist-info\licenses\LICENSE.txt,licenses,txt,1093,2026-05-28 07:14:19,2026-05-28 07:14:19
C:\Users\krish\Documents\signalhire\backend\venv\Lib\site-packages\pip-26.1.1.dist-info\licenses\src\pip\_vendor\cachecontrol\LICENSE.txt,cachecontrol,txt,558,2026-05-28 07:14:19,2026-05-28 07:14:19
C:\Users\krish\Documents\signalhire\backend\venv\Lib\site-packages\pip-26.1.1.dist-info\licenses\src\pip\_vendor\distlib\LICENSE.txt,distlib,txt,14531,2026-05-28 07:14:19,2026-05-28 07:14:19
C:\Users\krish\Documents\signalhire\backend\venv\Lib\site-packages\pip-26.1.1.dist-info\licenses\src\pip\_vendor\urllib3\LICENSE.txt,urllib3,txt,1093,2026-05-28 07:14:19,2026-05-28 07:14:19
C:\Users\krish\Documents\signalhire\backend\venv\Lib\site-packages\pkg_resources\api_tests.txt,pkg_resources,txt,12595,2026-05-28 07:16:15,2026-05-28 07:16:15
C:\Users\krish\Documents\signalhire\backend\venv\Lib\site-packages\psycopg-3.3.4.dist-info\licenses\LICENSE.txt,licenses,txt,7652,2026-05-28 09:39:04,2026-05-28 09:39:04
C:\Users\krish\Documents\signalhire\backend\venv\Lib\site-packages\psycopg_binary-3.3.4.dist-info\licenses\LICENSE.txt,licenses,txt,7817,2026-05-28 09:40:17,2026-05-28 09:40:17
C:\Users\krish\Documents\signalhire\backend\venv\Lib\site-packages\psycopg_pool-3.3.1.dist-info\licenses\LICENSE.txt,licenses,txt,7652,2026-05-28 09:42:07,2026-05-28 09:42:07
C:\Users\krish\Documents\signalhire\backend\venv\Lib\site-packages\pyasn1_modules-0.4.2.dist-info\licenses\LICENSE.txt,licenses,txt,1334,2026-05-28 07:18:11,2026-05-28 07:18:11
C:\Users\krish\Documents\signalhire\backend\venv\Lib\site-packages\pythonwin\license.txt,pythonwin,txt,1540,2026-05-28 07:15:12,2026-05-28 07:15:12
C:\Users\krish\Documents\signalhire\backend\venv\Lib\site-packages\python_multipart-0.0.29.dist-info\licenses\LICENSE.txt,licenses,txt,11358,2026-05-28 07:16:29,2026-05-28 07:16:29
C:\Users\krish\Documents\signalhire\backend\venv\Lib\site-packages\pywin32-311.dist-info\top_level.txt,pywin32-311.dist-info,txt,1335,2026-05-28 07:15:13,2026-05-28 07:15:13
C:\Users\krish\Documents\signalhire\backend\venv\Lib\site-packages\regex-2026.5.9.dist-info\licenses\LICENSE.txt,licenses,txt,11792,2026-05-28 07:16:25,2026-05-28 07:16:25
C:\Users\krish\Documents\signalhire\backend\venv\Lib\site-packages\s3transfer-0.17.1.dist-info\LICENSE.txt,s3transfer-0.17.1.dist-info,txt,11358,2026-05-28 07:20:27,2026-05-28 07:20:27
C:\Users\krish\Documents\signalhire\backend\venv\Lib\site-packages\scipy\ndimage\tests\dots.png,tests,png,2114,2026-05-28 07:17:40,2026-05-28 07:17:40
C:\Users\krish\Documents\signalhire\backend\venv\Lib\site-packages\scipy\ndimage\tests\data\label_results.txt,data,txt,4603,2026-05-28 07:17:40,2026-05-28 07:17:40
C:\Users\krish\Documents\signalhire\backend\venv\Lib\site-packages\scipy\spatial\qhull_src\COPYING_QHULL.txt,qhull_src,txt,1759,2026-05-28 07:17:41,2026-05-28 07:17:41
C:\Users\krish\Documents\signalhire\backend\venv\Lib\site-packages\scipy\spatial\tests\data\cdist-X1.txt,data,txt,5760,2026-05-28 07:17:41,2026-05-28 07:17:41
C:\Users\krish\Documents\signalhire\backend\venv\Lib\site-packages\scipy\spatial\tests\data\cdist-X2.txt,data,txt,11520,2026-05-28 07:17:41,2026-05-28 07:17:41
C:\Users\krish\Documents\signalhire\backend\venv\Lib\site-packages\scipy\spatial\tests\data\iris.txt,data,txt,15150,2026-05-28 07:17:41,2026-05-28 07:17:41
C:\Users\krish\Documents\signalhire\backend\venv\Lib\site-packages\scipy\spatial\tests\data\pdist-boolean-inp.txt,data,txt,50020,2026-05-28 07:17:41,2026-05-28 07:17:41
C:\Users\krish\Documents\signalhire\backend\venv\Lib\site-packages\scipy\spatial\tests\data\pdist-chebyshev-ml-iris.txt,data,txt,178802,2026-05-28 07:17:41,2026-05-28 07:17:41
C:\Users\krish\Documents\signalhire\backend\venv\Lib\site-packages\scipy\spatial\tests\data\pdist-chebyshev-ml.txt,data,txt,3042,2026-05-28 07:17:41,2026-05-28 07:17:41
C:\Users\krish\Documents\signalhire\backend\venv\Lib\site-packages\scipy\spatial\tests\data\pdist-cityblock-ml-iris.txt,data,txt,178802,2026-05-28 07:17:41,2026-05-28 07:17:41
C:\Users\krish\Documents\signalhire\backend\venv\Lib\site-packages\scipy\spatial\tests\data\pdist-cityblock-ml.txt,data,txt,3042,2026-05-28 07:17:41,2026-05-28 07:17:41
C:\Users\krish\Documents\signalhire\backend\venv\Lib\site-packages\scipy\spatial\tests\data\pdist-correlation-ml-iris.txt,data,txt,178802,2026-05-28 07:17:41,2026-05-28 07:17:41
C:\Users\krish\Documents\signalhire\backend\venv\Lib\site-packages\scipy\spatial\tests\data\pdist-correlation-ml.txt,data,txt,3042,2026-05-28 07:17:41,2026-05-28 07:17:41
C:\Users\krish\Documents\signalhire\backend\venv\Lib\site-packages\scipy\spatial\tests\data\pdist-cosine-ml-iris.txt,data,txt,178802,2026-05-28 07:17:41,2026-05-28 07:17:41
C:\Users\krish\Documents\signalhire\backend\venv\Lib\site-packages\scipy\spatial\tests\data\pdist-cosine-ml.txt,data,txt,3042,2026-05-28 07:17:41,2026-05-28 07:17:41
C:\Users\krish\Documents\signalhire\backend\venv\Lib\site-packages\scipy\spatial\tests\data\pdist-double-inp.txt,data,txt,50020,2026-05-28 07:17:41,2026-05-28 07:17:41
C:\Users\krish\Documents\signalhire\backend\venv\Lib\site-packages\scipy\spatial\tests\data\pdist-euclidean-ml-iris.txt,data,txt,178802,2026-05-28 07:17:41,2026-05-28 07:17:41
C:\Users\krish\Documents\signalhire\backend\venv\Lib\site-packages\scipy\spatial\tests\data\pdist-euclidean-ml.txt,data,txt,3042,2026-05-28 07:17:41,2026-05-28 07:17:41
C:\Users\krish\Documents\signalhire\backend\venv\Lib\site-packages\scipy\spatial\tests\data\pdist-hamming-ml.txt,data,txt,3042,2026-05-28 07:17:41,2026-05-28 07:17:41
C:\Users\krish\Documents\signalhire\backend\venv\Lib\site-packages\scipy\spatial\tests\data\pdist-jaccard-ml.txt,data,txt,3042,2026-05-28 07:17:41,2026-05-28 07:17:41
C:\Users\krish\Documents\signalhire\backend\venv\Lib\site-packages\scipy\spatial\tests\data\pdist-jensenshannon-ml-iris.txt,data,txt,172739,2026-05-28 07:17:41,2026-05-28 07:17:41
C:\Users\krish\Documents\signalhire\backend\venv\Lib\site-packages\scipy\spatial\tests\data\pdist-jensenshannon-ml.txt,data,txt,2819,2026-05-28 07:17:41,2026-05-28 07:17:41
C:\Users\krish\Documents\signalhire\backend\venv\Lib\site-packages\scipy\spatial\tests\data\pdist-minkowski-3.2-ml-iris.txt,data,txt,178802,2026-05-28 07:17:41,2026-05-28 07:17:41
C:\Users\krish\Documents\signalhire\backend\venv\Lib\site-packages\scipy\spatial\tests\data\pdist-minkowski-3.2-ml.txt,data,txt,3042,2026-05-28 07:17:41,2026-05-28 07:17:41
C:\Users\krish\Documents\signalhire\backend\venv\Lib\site-packages\scipy\spatial\tests\data\pdist-minkowski-5.8-ml-iris.txt,data,txt,178802,2026-05-28 07:17:41,2026-05-28 07:17:41
C:\Users\krish\Documents\signalhire\backend\venv\Lib\site-packages\scipy\spatial\tests\data\pdist-seuclidean-ml-iris.txt,data,txt,178802,2026-05-28 07:17:41,2026-05-28 07:17:41
C:\Users\krish\Documents\signalhire\backend\venv\Lib\site-packages\scipy\spatial\tests\data\pdist-seuclidean-ml.txt,data,txt,3042,2026-05-28 07:17:41,2026-05-28 07:17:41
C:\Users\krish\Documents\signalhire\backend\venv\Lib\site-packages\scipy\spatial\tests\data\pdist-spearman-ml.txt,data,txt,3042,2026-05-28 07:17:41,2026-05-28 07:17:41
C:\Users\krish\Documents\signalhire\backend\venv\Lib\site-packages\scipy\spatial\tests\data\random-bool-data.txt,data,txt,6100,2026-05-28 07:17:41,2026-05-28 07:17:41
C:\Users\krish\Documents\signalhire\backend\venv\Lib\site-packages\scipy\spatial\tests\data\random-double-data.txt,data,txt,75100,2026-05-28 07:17:41,2026-05-28 07:17:41
C:\Users\krish\Documents\signalhire\backend\venv\Lib\site-packages\scipy\spatial\tests\data\random-int-data.txt,data,txt,10366,2026-05-28 07:17:41,2026-05-28 07:17:41
C:\Users\krish\Documents\signalhire\backend\venv\Lib\site-packages\scipy\spatial\tests\data\random-uint-data.txt,data,txt,8811,2026-05-28 07:17:41,2026-05-28 07:17:41
C:\Users\krish\Documents\signalhire\backend\venv\Lib\site-packages\scipy\spatial\tests\data\selfdual-4d-polytope.txt,data,txt,507,2026-05-28 07:17:41,2026-05-28 07:17:41
C:\Users\krish\Documents\signalhire\backend\venv\Lib\site-packages\scipy-1.17.1.dist-info\LICENSE.txt,scipy-1.17.1.dist-info,txt,46756,2026-05-28 07:17:42,2026-05-28 07:17:42
C:\Users\krish\Documents\signalhire\backend\venv\Lib\site-packages\setuptools\tests\config\setupcfg_examples.txt,config,txt,1912,2026-05-28 07:16:16,2026-05-28 07:16:16
C:\Users\krish\Documents\signalhire\backend\venv\Lib\site-packages\setuptools\_vendor\jaraco\text\Lorem ipsum.txt,text,txt,1335,2026-05-28 07:16:16,2026-05-28 07:16:16
C:\Users\krish\Documents\signalhire\backend\venv\Lib\site-packages\setuptools\_vendor\wheel-0.46.3.dist-info\licenses\LICENSE.txt,licenses,txt,1107,2026-05-28 07:16:16,2026-05-28 07:16:16
C:\Users\krish\Documents\signalhire\backend\venv\Lib\site-packages\setuptools-81.0.0.dist-info\entry_points.txt,setuptools-81.0.0.dist-info,txt,2449,2026-05-28 07:16:16,2026-05-28 07:16:16
C:\Users\krish\Documents\signalhire\backend\venv\Lib\site-packages\sklearn\datasets\images\china.jpg,images,jpg,196653,2026-05-28 07:19:52,2026-05-28 07:19:52
C:\Users\krish\Documents\signalhire\backend\venv\Lib\site-packages\sklearn\datasets\images\flower.jpg,images,jpg,142987,2026-05-28 07:19:52,2026-05-28 07:19:52
C:\Users\krish\Documents\signalhire\backend\venv\Lib\site-packages\sqlalchemy\dialects\type_migration_guidelines.txt,dialects,txt,8384,2026-05-28 07:17:28,2026-05-28 07:17:28
C:\Users\krish\Documents\signalhire\backend\venv\Lib\site-packages\sympy\parsing\latex\LICENSE.txt,latex,txt,1075,2026-05-28 07:15:32,2026-05-28 07:15:32
C:\Users\krish\Documents\signalhire\backend\venv\Lib\site-packages\sympy\plotting\tests\test_region_and.png,tests,png,6864,2026-05-28 07:15:33,2026-05-28 07:15:33
C:\Users\krish\Documents\signalhire\backend\venv\Lib\site-packages\sympy\plotting\tests\test_region_not.png,tests,png,7939,2026-05-28 07:15:33,2026-05-28 07:15:33
C:\Users\krish\Documents\signalhire\backend\venv\Lib\site-packages\sympy\plotting\tests\test_region_or.png,tests,png,8809,2026-05-28 07:15:33,2026-05-28 07:15:33
C:\Users\krish\Documents\signalhire\backend\venv\Lib\site-packages\sympy\plotting\tests\test_region_xor.png,tests,png,10002,2026-05-28 07:15:33,2026-05-28 07:15:33
C:\Users\krish\Documents\signalhire\backend\venv\Lib\site-packages\urllib3-2.7.0.dist-info\licenses\LICENSE.txt,licenses,txt,1093,2026-05-28 07:15:30,2026-05-28 07:15:30
C:\Users\krish\Documents\signalhire\backend\venv\Lib\site-packages\win32\license.txt,win32,txt,1540,2026-05-28 07:15:13,2026-05-28 07:15:13
C:\Users\krish\Documents\signalhire\backend\venv\Lib\site-packages\win32com\License.txt,win32com,txt,1569,2026-05-28 07:15:13,2026-05-28 07:15:13
C:\Users\krish\Documents\signalhire\backend\venv\Lib\site-packages\win32com\test\readme.txt,test,txt,815,2026-05-28 07:15:13,2026-05-28 07:15:13
C:\Users\krish\Documents\signalhire\hackathon_pipeline\ab_log.txt,hackathon_pipeline,txt,3422,2026-06-07 08:52:51,2026-06-07 08:52:51
C:\Users\krish\Documents\signalhire\hackathon_pipeline\domain_log.txt,hackathon_pipeline,txt,1518,2026-06-07 08:52:53,2026-06-07 08:52:53
C:\Users\krish\Documents\signalhire\hackathon_pipeline\e2e_output.txt,hackathon_pipeline,txt,5268,2026-06-07 08:52:53,2026-06-07 08:52:53
C:\Users\krish\Documents\signalhire\hackathon_pipeline\embed_log.txt,hackathon_pipeline,txt,7106,2026-06-07 08:52:53,2026-06-07 08:52:53
C:\Users\krish\Documents\signalhire\hackathon_pipeline\exp_log.txt,hackathon_pipeline,txt,1884,2026-06-07 08:52:53,2026-06-07 08:52:53
C:\Users\krish\Documents\signalhire\hackathon_pipeline\final_exp_log.txt,hackathon_pipeline,txt,5258,2026-06-07 08:52:53,2026-06-07 08:52:53
C:\Users\krish\Documents\signalhire\hackathon_pipeline\final_run_log.txt,hackathon_pipeline,txt,2234,2026-06-07 08:52:53,2026-06-07 08:52:53
C:\Users\krish\Documents\signalhire\hackathon_pipeline\heur_val_log.txt,hackathon_pipeline,txt,2418,2026-06-07 08:52:53,2026-06-07 08:52:53
C:\Users\krish\Documents\signalhire\hackathon_pipeline\labels_out.txt,hackathon_pipeline,txt,11180,2026-06-07 08:52:53,2026-06-07 08:52:53
C:\Users\krish\Documents\signalhire\hackathon_pipeline\query_exp_log.txt,hackathon_pipeline,txt,910,2026-06-07 08:52:53,2026-06-07 08:52:53
C:\Users\krish\Documents\signalhire\hackathon_pipeline\retrain_log.txt,hackathon_pipeline,txt,6410,2026-06-07 08:52:54,2026-06-07 08:52:54
C:\Users\krish\Documents\signalhire\hackathon_pipeline\review_new_Frontend_Engineer.txt,hackathon_pipeline,txt,10513,2026-06-07 08:52:54,2026-06-07 13:49:04
C:\Users\krish\Documents\signalhire\hackathon_pipeline\review_new_Sales_Manager.txt,hackathon_pipeline,txt,10649,2026-06-07 08:52:54,2026-06-07 13:50:08
C:\Users\krish\Documents\signalhire\hackathon_pipeline\review_new_Search_Engineer.txt,hackathon_pipeline,txt,11926,2026-06-07 08:52:54,2026-06-07 13:47:58
C:\Users\krish\Documents\signalhire\hackathon_pipeline\review_orig_Frontend_Engineer.txt,hackathon_pipeline,txt,10668,2026-06-07 08:52:54,2026-06-07 13:49:04
C:\Users\krish\Documents\signalhire\hackathon_pipeline\review_orig_Sales_Manager.txt,hackathon_pipeline,txt,10519,2026-06-07 08:52:54,2026-06-07 13:50:08
C:\Users\krish\Documents\signalhire\hackathon_pipeline\review_orig_Search_Engineer.txt,hackathon_pipeline,txt,12044,2026-06-07 08:52:54,2026-06-07 13:47:58
C:\Users\krish\Documents\signalhire\hackathon_pipeline\sales_forensics_output.txt,hackathon_pipeline,txt,14590,2026-06-07 08:52:54,2026-06-07 08:52:54
C:\Users\krish\Documents\signalhire\hackathon_pipeline\sim_out.txt,hackathon_pipeline,txt,2418,2026-06-07 08:52:54,2026-06-07 08:52:54
C:\Users\krish\Documents\signalhire\hackathon_pipeline\val_log.txt,hackathon_pipeline,txt,2124,2026-06-07 08:52:54,2026-06-07 08:52:54
C:\Users\krish\Documents\signalhire\scratch\ablation_results.txt,scratch,txt,7396,2026-06-07 08:52:54,2026-06-07 08:52:54
C:\Users\krish\Documents\signalhire\scratch\report.txt,scratch,txt,9252,2026-06-07 08:52:54,2026-06-07 08:52:54
C:\Users\krish\Documents\signalhire\screenshots\0_landing_page.png,screenshots,png,132829,2026-06-12 18:28:11,2026-06-12 18:54:52
C:\Users\krish\Documents\signalhire\screenshots\1_frontend_upload.png,screenshots,png,44313,2026-06-07 21:13:54,2026-06-07 21:13:54
C:\Users\krish\Documents\signalhire\screenshots\1_search_upload.png,screenshots,png,44313,2026-06-07 21:06:52,2026-06-07 21:15:45
C:\Users\krish\Documents\signalhire\screenshots\1_workspace.png,screenshots,png,147538,2026-06-12 18:28:30,2026-06-12 18:55:19
C:\Users\krish\Documents\signalhire\screenshots\2_frontend_processing.png,screenshots,png,30452,2026-06-07 21:13:56,2026-06-07 21:13:56
C:\Users\krish\Documents\signalhire\screenshots\2_reports.png,screenshots,png,39733,2026-06-12 18:28:33,2026-06-12 18:55:21
C:\Users\krish\Documents\signalhire\screenshots\2_search_processing.png,screenshots,png,29750,2026-06-07 21:07:24,2026-06-07 21:15:46
C:\Users\krish\Documents\signalhire\screenshots\ERROR_search_workspace.png,screenshots,png,32892,2026-06-07 21:13:53,2026-06-07 21:13:53
C:\Users\krish\Documents\signalhire\[PUB] India_runs_data_and_ai_challenge\India_runs_data_and_ai_challenge\candidates.jsonl,India_runs_data_and_ai_challenge,jsonl,487359903,2026-06-04 18:07:46,2026-06-07 08:52:49
C:\Users\krish\Documents\signalhire\[PUB] India_runs_data_and_ai_challenge\India_runs_data_and_ai_challenge\job_description.docx,India_runs_data_and_ai_challenge,docx,40225,2026-06-07 09:03:47,2026-06-07 09:03:47
C:\Users\krish\Documents\signalhire\[PUB] India_runs_data_and_ai_challenge\India_runs_data_and_ai_challenge\redrob_signals_doc.docx,India_runs_data_and_ai_challenge,docx,37170,2026-06-07 09:03:47,2026-06-07 09:03:47
C:\Users\krish\Documents\signalhire\[PUB] India_runs_data_and_ai_challenge\India_runs_data_and_ai_challenge\submission_spec.docx,India_runs_data_and_ai_challenge,docx,42707,2026-06-07 09:03:47,2026-06-07 09:03:47
C:\Users\krish\Documents\signalhire\__MACOSX\[PUB] India_runs_data_and_ai_challenge\India_runs_data_and_ai_challenge\._candidates.jsonl,India_runs_data_and_ai_challenge,jsonl,212,2026-06-07 08:52:49,2026-06-07 08:52:49
C:\Users\krish\Documents\signalhire\__MACOSX\[PUB] India_runs_data_and_ai_challenge\India_runs_data_and_ai_challenge\._job_description.docx,India_runs_data_and_ai_challenge,docx,212,2026-06-07 09:03:47,2026-06-07 09:03:47
C:\Users\krish\Documents\signalhire\__MACOSX\[PUB] India_runs_data_and_ai_challenge\India_runs_data_and_ai_challenge\._redrob_signals_doc.docx,India_runs_data_and_ai_challenge,docx,212,2026-06-07 09:03:47,2026-06-07 09:03:47
C:\Users\krish\Documents\signalhire\__MACOSX\[PUB] India_runs_data_and_ai_challenge\India_runs_data_and_ai_challenge\._submission_spec.docx,India_runs_data_and_ai_challenge,docx,212,2026-06-07 09:03:47,2026-06-07 09:03:47
