resume_id,skill,evidence_snippet,trigger_alias,reason_extracted
res_0,Information Technology,...working in it...,it,word boundary check failed on stopword
res_1,Information Technology,...working in it...,ui,word boundary check failed on stopword
res_2,Information Technology,...working in it...,it,word boundary check failed on stopword
res_3,Information Technology,...working in it...,ui,word boundary check failed on stopword
res_4,Information Technology,...working in it...,ad,word boundary check failed on stopword
res_5,Information Technology,...working in it...,it,word boundary check failed on stopword
res_6,Information Technology,...working in it...,ui,word boundary check failed on stopword
res_7,Information Technology,...working in it...,ad,word boundary check failed on stopword
res_8,Information Technology,...working in it...,tf,word boundary check failed on stopword
res_9,Information Technology,...working in it...,ui,word boundary check failed on stopword
res_10,Information Technology,...working in it...,ad,word boundary check failed on stopword
res_11,Information Technology,...working in it...,ad,word boundary check failed on stopword
res_12,Information Technology,...working in it...,c,word boundary check failed on stopword
res_13,Information Technology,...working in it...,c,word boundary check failed on stopword
res_14,Information Technology,...working in it...,c,word boundary check failed on stopword
res_15,Information Technology,...working in it...,ui,word boundary check failed on stopword
res_16,Information Technology,...working in it...,it,word boundary check failed on stopword
res_17,Information Technology,...working in it...,it,word boundary check failed on stopword
res_18,Information Technology,...working in it...,it,word boundary check failed on stopword
res_19,Information Technology,...working in it...,ui,word boundary check failed on stopword
res_20,Information Technology,...working in it...,ad,word boundary check failed on stopword
res_21,Information Technology,...working in it...,it,word boundary check failed on stopword
res_22,Information Technology,...working in it...,it,word boundary check failed on stopword
res_23,Information Technology,...working in it...,it,word boundary check failed on stopword
res_24,Information Technology,...working in it...,c,word boundary check failed on stopword
res_25,Information Technology,...working in it...,ad,word boundary check failed on stopword
res_26,Information Technology,...working in it...,ui,word boundary check failed on stopword
res_27,Information Technology,...working in it...,tf,word boundary check failed on stopword
res_28,Information Technology,...working in it...,c,word boundary check failed on stopword
res_29,Information Technology,...working in it...,c,word boundary check failed on stopword
res_30,Information Technology,...working in it...,ui,word boundary check failed on stopword
res_31,Information Technology,...working in it...,c,word boundary check failed on stopword
res_32,Information Technology,...working in it...,tf,word boundary check failed on stopword
res_33,Information Technology,...working in it...,tf,word boundary check failed on stopword
res_34,Information Technology,...working in it...,tf,word boundary check failed on stopword
res_35,Information Technology,...working in it...,ad,word boundary check failed on stopword
res_36,Information Technology,...working in it...,js,word boundary check failed on stopword
res_37,Information Technology,...working in it...,tf,word boundary check failed on stopword
res_38,Information Technology,...working in it...,tf,word boundary check failed on stopword
res_39,Information Technology,...working in it...,tf,word boundary check failed on stopword
res_40,Information Technology,...working in it...,ui,word boundary check failed on stopword
res_41,Information Technology,...working in it...,c,word boundary check failed on stopword
res_42,Information Technology,...working in it...,ui,word boundary check failed on stopword
res_43,Information Technology,...working in it...,it,word boundary check failed on stopword
res_44,Information Technology,...working in it...,c,word boundary check failed on stopword
res_45,Information Technology,...working in it...,ui,word boundary check failed on stopword
res_46,Information Technology,...working in it...,ui,word boundary check failed on stopword
res_47,Information Technology,...working in it...,tf,word boundary check failed on stopword
res_48,Information Technology,...working in it...,ui,word boundary check failed on stopword
res_49,Information Technology,...working in it...,tf,word boundary check failed on stopword
res_50,Information Technology,...working in it...,tf,word boundary check failed on stopword
res_51,Information Technology,...working in it...,ad,word boundary check failed on stopword
res_52,Information Technology,...working in it...,tf,word boundary check failed on stopword
res_53,Information Technology,...working in it...,ad,word boundary check failed on stopword
res_54,Information Technology,...working in it...,it,word boundary check failed on stopword
res_55,Information Technology,...working in it...,ui,word boundary check failed on stopword
res_56,Information Technology,...working in it...,tf,word boundary check failed on stopword
res_57,Information Technology,...working in it...,c,word boundary check failed on stopword
res_58,Information Technology,...working in it...,js,word boundary check failed on stopword
res_59,Information Technology,...working in it...,js,word boundary check failed on stopword
res_60,Information Technology,...working in it...,ui,word boundary check failed on stopword
res_61,Information Technology,...working in it...,ui,word boundary check failed on stopword
res_62,Information Technology,...working in it...,c,word boundary check failed on stopword
res_63,Information Technology,...working in it...,ui,word boundary check failed on stopword
res_64,Information Technology,...working in it...,ad,word boundary check failed on stopword
res_65,Information Technology,...working in it...,js,word boundary check failed on stopword
res_66,Information Technology,...working in it...,c,word boundary check failed on stopword
res_67,Information Technology,...working in it...,it,word boundary check failed on stopword
res_68,Information Technology,...working in it...,tf,word boundary check failed on stopword
res_69,Information Technology,...working in it...,ad,word boundary check failed on stopword
res_70,Information Technology,...working in it...,ad,word boundary check failed on stopword
res_71,Information Technology,...working in it...,ui,word boundary check failed on stopword
res_72,Information Technology,...working in it...,tf,word boundary check failed on stopword
res_73,Information Technology,...working in it...,js,word boundary check failed on stopword
res_74,Information Technology,...working in it...,js,word boundary check failed on stopword
res_75,Information Technology,...working in it...,js,word boundary check failed on stopword
res_76,Information Technology,...working in it...,ui,word boundary check failed on stopword
res_77,Information Technology,...working in it...,js,word boundary check failed on stopword
res_78,Information Technology,...working in it...,ui,word boundary check failed on stopword
res_79,Information Technology,...working in it...,js,word boundary check failed on stopword
res_80,Information Technology,...working in it...,ad,word boundary check failed on stopword
res_81,Information Technology,...working in it...,it,word boundary check failed on stopword
res_82,Information Technology,...working in it...,ad,word boundary check failed on stopword
res_83,Information Technology,...working in it...,it,word boundary check failed on stopword
res_84,Information Technology,...working in it...,c,word boundary check failed on stopword
res_85,Information Technology,...working in it...,c,word boundary check failed on stopword
res_86,Information Technology,...working in it...,it,word boundary check failed on stopword
res_87,Information Technology,...working in it...,ui,word boundary check failed on stopword
res_88,Information Technology,...working in it...,c,word boundary check failed on stopword
res_89,Information Technology,...working in it...,tf,word boundary check failed on stopword
res_90,Information Technology,...working in it...,tf,word boundary check failed on stopword
res_91,Information Technology,...working in it...,tf,word boundary check failed on stopword
res_92,Information Technology,...working in it...,tf,word boundary check failed on stopword
res_93,Information Technology,...working in it...,ui,word boundary check failed on stopword
res_94,Information Technology,...working in it...,js,word boundary check failed on stopword
res_95,Information Technology,...working in it...,it,word boundary check failed on stopword
res_96,Information Technology,...working in it...,c,word boundary check failed on stopword
res_97,Information Technology,...working in it...,ui,word boundary check failed on stopword
res_98,Information Technology,...working in it...,c,word boundary check failed on stopword
res_99,Information Technology,...working in it...,c,word boundary check failed on stopword
res_100,Information Technology,...working in it...,ui,word boundary check failed on stopword
res_101,Information Technology,...working in it...,c,word boundary check failed on stopword
res_102,Information Technology,...working in it...,c,word boundary check failed on stopword
res_103,Information Technology,...working in it...,tf,word boundary check failed on stopword
res_104,Information Technology,...working in it...,it,word boundary check failed on stopword
res_105,Information Technology,...working in it...,js,word boundary check failed on stopword
res_106,Information Technology,...working in it...,js,word boundary check failed on stopword
res_107,Information Technology,...working in it...,js,word boundary check failed on stopword
res_108,Information Technology,...working in it...,it,word boundary check failed on stopword
res_109,Information Technology,...working in it...,ui,word boundary check failed on stopword
res_110,Information Technology,...working in it...,it,word boundary check failed on stopword
res_111,Information Technology,...working in it...,js,word boundary check failed on stopword
res_112,Information Technology,...working in it...,it,word boundary check failed on stopword
res_113,Information Technology,...working in it...,tf,word boundary check failed on stopword
res_114,Information Technology,...working in it...,tf,word boundary check failed on stopword
res_115,Information Technology,...working in it...,ad,word boundary check failed on stopword
res_116,Information Technology,...working in it...,it,word boundary check failed on stopword
res_117,Information Technology,...working in it...,it,word boundary check failed on stopword
res_118,Information Technology,...working in it...,c,word boundary check failed on stopword
res_119,Information Technology,...working in it...,js,word boundary check failed on stopword
res_120,Information Technology,...working in it...,tf,word boundary check failed on stopword
res_121,Information Technology,...working in it...,js,word boundary check failed on stopword
res_122,Information Technology,...working in it...,ad,word boundary check failed on stopword
res_123,Information Technology,...working in it...,js,word boundary check failed on stopword
res_124,Information Technology,...working in it...,it,word boundary check failed on stopword
res_125,Information Technology,...working in it...,it,word boundary check failed on stopword
res_126,Information Technology,...working in it...,ad,word boundary check failed on stopword
res_127,Information Technology,...working in it...,it,word boundary check failed on stopword
res_128,Information Technology,...working in it...,it,word boundary check failed on stopword
res_129,Information Technology,...working in it...,c,word boundary check failed on stopword
res_130,Information Technology,...working in it...,js,word boundary check failed on stopword
res_131,Information Technology,...working in it...,ui,word boundary check failed on stopword
res_132,Information Technology,...working in it...,ui,word boundary check failed on stopword
res_133,Information Technology,...working in it...,c,word boundary check failed on stopword
res_134,Information Technology,...working in it...,it,word boundary check failed on stopword
res_135,Information Technology,...working in it...,c,word boundary check failed on stopword
res_136,Information Technology,...working in it...,ad,word boundary check failed on stopword
res_137,Information Technology,...working in it...,ui,word boundary check failed on stopword
res_138,Information Technology,...working in it...,c,word boundary check failed on stopword
res_139,Information Technology,...working in it...,ad,word boundary check failed on stopword
res_140,Information Technology,...working in it...,it,word boundary check failed on stopword
res_141,Information Technology,...working in it...,ad,word boundary check failed on stopword
res_142,Information Technology,...working in it...,ui,word boundary check failed on stopword
res_143,Information Technology,...working in it...,js,word boundary check failed on stopword
res_144,Information Technology,...working in it...,ui,word boundary check failed on stopword
res_145,Information Technology,...working in it...,js,word boundary check failed on stopword
res_146,Information Technology,...working in it...,js,word boundary check failed on stopword
res_147,Information Technology,...working in it...,ad,word boundary check failed on stopword
res_148,Information Technology,...working in it...,c,word boundary check failed on stopword
res_149,Information Technology,...working in it...,it,word boundary check failed on stopword
res_150,Information Technology,...working in it...,js,word boundary check failed on stopword
res_151,Information Technology,...working in it...,ui,word boundary check failed on stopword
res_152,Information Technology,...working in it...,js,word boundary check failed on stopword
res_153,Information Technology,...working in it...,ad,word boundary check failed on stopword
res_154,Information Technology,...working in it...,js,word boundary check failed on stopword
res_155,Information Technology,...working in it...,ad,word boundary check failed on stopword
res_156,Information Technology,...working in it...,ui,word boundary check failed on stopword
res_157,Information Technology,...working in it...,it,word boundary check failed on stopword
res_158,Information Technology,...working in it...,tf,word boundary check failed on stopword
res_159,Information Technology,...working in it...,c,word boundary check failed on stopword
res_160,Information Technology,...working in it...,c,word boundary check failed on stopword
res_161,Information Technology,...working in it...,it,word boundary check failed on stopword
res_162,Information Technology,...working in it...,ui,word boundary check failed on stopword
res_163,Information Technology,...working in it...,it,word boundary check failed on stopword
res_164,Information Technology,...working in it...,tf,word boundary check failed on stopword
res_165,Information Technology,...working in it...,ad,word boundary check failed on stopword
res_166,Information Technology,...working in it...,c,word boundary check failed on stopword
res_167,Information Technology,...working in it...,js,word boundary check failed on stopword
res_168,Information Technology,...working in it...,it,word boundary check failed on stopword
res_169,Information Technology,...working in it...,ui,word boundary check failed on stopword
res_170,Information Technology,...working in it...,js,word boundary check failed on stopword
res_171,Information Technology,...working in it...,ui,word boundary check failed on stopword
res_172,Information Technology,...working in it...,it,word boundary check failed on stopword
res_173,Information Technology,...working in it...,c,word boundary check failed on stopword
res_174,Information Technology,...working in it...,js,word boundary check failed on stopword
res_175,Information Technology,...working in it...,ad,word boundary check failed on stopword
res_176,Information Technology,...working in it...,it,word boundary check failed on stopword
res_177,Information Technology,...working in it...,ui,word boundary check failed on stopword
res_178,Information Technology,...working in it...,ad,word boundary check failed on stopword
res_179,Information Technology,...working in it...,c,word boundary check failed on stopword
res_180,Information Technology,...working in it...,it,word boundary check failed on stopword
res_181,Information Technology,...working in it...,c,word boundary check failed on stopword
res_182,Information Technology,...working in it...,it,word boundary check failed on stopword
res_183,Information Technology,...working in it...,js,word boundary check failed on stopword
res_184,Information Technology,...working in it...,it,word boundary check failed on stopword
res_185,Information Technology,...working in it...,ad,word boundary check failed on stopword
res_186,Information Technology,...working in it...,it,word boundary check failed on stopword
res_187,Information Technology,...working in it...,ad,word boundary check failed on stopword
res_188,Information Technology,...working in it...,ui,word boundary check failed on stopword
res_189,Information Technology,...working in it...,c,word boundary check failed on stopword
res_190,Information Technology,...working in it...,js,word boundary check failed on stopword
res_191,Information Technology,...working in it...,ad,word boundary check failed on stopword
res_192,Information Technology,...working in it...,js,word boundary check failed on stopword
res_193,Information Technology,...working in it...,js,word boundary check failed on stopword
res_194,Information Technology,...working in it...,it,word boundary check failed on stopword
res_195,Information Technology,...working in it...,ad,word boundary check failed on stopword
res_196,Information Technology,...working in it...,tf,word boundary check failed on stopword
res_197,Information Technology,...working in it...,js,word boundary check failed on stopword
res_198,Information Technology,...working in it...,js,word boundary check failed on stopword
res_199,Information Technology,...working in it...,js,word boundary check failed on stopword
